task_id,date,operator_id,machine_id,site_id,task_type,environmental_condition,terrain_type,scheduled_start,scheduled_end,priority,status
TSK-00001,2026-08-24,OP-001,MC-002,SITE-C,Demolition,Dust Storm,Rocky,2026-08-24T19:00:00,2026-08-24T20:13:00,High,Scheduled
TSK-00002,2026-08-24,OP-001,MC-009,SITE-A,Excavation,Rain,Rocky,2026-08-24T20:23:00,2026-08-24T21:48:00,Low,Scheduled
TSK-00003,2026-08-24,OP-001,MC-010,SITE-A,Trenching,Clear,Rocky,2026-08-24T22:03:00,2026-08-24T23:32:00,Low,Scheduled
TSK-00004,2026-08-24,OP-002,MC-003,SITE-B,Material Loading,Rain,Soft Soil,2026-08-24T07:00:00,2026-08-24T08:52:00,High,Scheduled
TSK-00005,2026-08-24,OP-002,MC-003,SITE-B,Grading,Clear,Rocky,2026-08-24T09:12:00,2026-08-24T10:47:00,High,Scheduled
TSK-00006,2026-08-24,OP-003,MC-009,SITE-A,Grading,Dust Storm,Rocky,2026-08-24T19:00:00,2026-08-24T20:04:00,Medium,Scheduled
TSK-00007,2026-08-24,OP-004,MC-006,SITE-B,Demolition,Dust Storm,Rocky,2026-08-24T07:00:00,2026-08-24T08:14:00,Low,Scheduled
TSK-00008,2026-08-24,OP-004,MC-004,SITE-D,Trenching,Clear,Hard Soil,2026-08-24T08:24:00,2026-08-24T09:27:00,Low,Scheduled
TSK-00009,2026-08-24,OP-005,MC-008,SITE-D,Material Loading,Clear,Hard Soil,2026-08-24T19:00:00,2026-08-24T20:26:00,High,Scheduled
TSK-00010,2026-08-24,OP-005,MC-007,SITE-A,Excavation,Dust Storm,Hard Soil,2026-08-24T20:56:00,2026-08-24T22:02:00,High,Scheduled
TSK-00011,2026-08-24,OP-006,MC-010,SITE-A,Trenching,Clear,Muddy,2026-08-24T07:00:00,2026-08-24T08:04:00,High,Scheduled
TSK-00012,2026-08-24,OP-007,MC-006,SITE-A,Demolition,Rain,Rocky,2026-08-24T19:00:00,2026-08-24T21:18:00,Low,Scheduled
TSK-00013,2026-08-24,OP-007,MC-001,SITE-D,Grading,Clear,Rocky,2026-08-24T21:28:00,2026-08-24T23:22:00,High,Scheduled
TSK-00014,2026-08-24,OP-008,MC-002,SITE-C,Demolition,Rain,Hard Soil,2026-08-24T07:00:00,2026-08-24T09:08:00,Medium,Scheduled
TSK-00015,2026-08-24,OP-009,MC-004,SITE-C,Trenching,Clear,Rocky,2026-08-24T19:00:00,2026-08-24T20:21:00,Medium,Scheduled
TSK-00016,2026-08-24,OP-010,MC-009,SITE-B,Demolition,High Wind,Soft Soil,2026-08-24T07:00:00,2026-08-24T08:29:00,High,Scheduled
TSK-00017,2026-08-24,OP-011,MC-009,SITE-B,Grading,Rain,Hard Soil,2026-08-24T19:00:00,2026-08-24T19:39:00,Medium,Scheduled
TSK-00018,2026-08-24,OP-011,MC-008,SITE-B,Demolition,Rain,Hard Soil,2026-08-24T19:49:00,2026-08-24T21:29:00,High,Scheduled
TSK-00019,2026-08-24,OP-011,MC-005,SITE-D,Material Loading,Clear,Muddy,2026-08-24T21:59:00,2026-08-24T23:28:00,Low,Scheduled
TSK-00020,2026-08-24,OP-012,MC-008,SITE-A,Material Loading,Clear,Hard Soil,2026-08-24T07:00:00,2026-08-24T08:00:00,High,Scheduled
TSK-00021,2026-08-24,OP-013,MC-006,SITE-A,Excavation,Clear,Soft Soil,2026-08-24T19:00:00,2026-08-24T20:13:00,Medium,Scheduled
TSK-00022,2026-08-24,OP-014,MC-006,SITE-C,Trenching,Clear,Hard Soil,2026-08-24T07:00:00,2026-08-24T08:44:00,High,Scheduled
TSK-00023,2026-08-24,OP-015,MC-001,SITE-D,Trenching,Clear,Soft Soil,2026-08-24T19:00:00,2026-08-24T20:57:00,High,Scheduled
TSK-00024,2026-08-24,OP-015,MC-007,SITE-C,Trenching,Clear,Soft Soil,2026-08-24T21:12:00,2026-08-24T23:12:00,High,Scheduled
TSK-00025,2026-08-24,OP-015,MC-008,SITE-A,Trenching,Rain,Soft Soil,2026-08-24T23:42:00,2026-08-25T01:16:00,Low,Scheduled
TSK-00026,2026-08-25,OP-001,MC-007,SITE-D,Grading,Clear,Rocky,2026-08-25T19:00:00,2026-08-25T20:47:00,Medium,Scheduled
TSK-00027,2026-08-25,OP-002,MC-001,SITE-D,Demolition,Clear,Soft Soil,2026-08-25T07:00:00,2026-08-25T08:25:00,Low,Scheduled
TSK-00028,2026-08-25,OP-003,MC-002,SITE-D,Trenching,Clear,Muddy,2026-08-25T19:00:00,2026-08-25T20:54:00,Low,Scheduled
TSK-00029,2026-08-25,OP-004,MC-001,SITE-A,Trenching,Clear,Muddy,2026-08-25T07:00:00,2026-08-25T09:26:00,Medium,Scheduled
TSK-00030,2026-08-25,OP-005,MC-003,SITE-B,Grading,Clear,Soft Soil,2026-08-25T19:00:00,2026-08-25T19:57:00,High,Scheduled
TSK-00031,2026-08-25,OP-005,MC-002,SITE-C,Excavation,Clear,Muddy,2026-08-25T20:27:00,2026-08-25T22:11:00,High,Scheduled
TSK-00032,2026-08-25,OP-005,MC-002,SITE-A,Demolition,Clear,Hard Soil,2026-08-25T22:21:00,2026-08-25T23:23:00,Low,Scheduled
TSK-00033,2026-08-25,OP-006,MC-001,SITE-D,Excavation,High Wind,Hard Soil,2026-08-25T07:00:00,2026-08-25T08:14:00,High,Scheduled
TSK-00034,2026-08-25,OP-007,MC-008,SITE-D,Demolition,Clear,Rocky,2026-08-25T19:00:00,2026-08-25T21:02:00,Medium,Scheduled
TSK-00035,2026-08-25,OP-008,MC-009,SITE-B,Material Loading,Clear,Rocky,2026-08-25T07:00:00,2026-08-25T09:01:00,Medium,Scheduled
TSK-00036,2026-08-25,OP-009,MC-006,SITE-A,Trenching,Rain,Soft Soil,2026-08-25T19:00:00,2026-08-25T20:32:00,Low,Scheduled
TSK-00037,2026-08-25,OP-009,MC-010,SITE-C,Grading,High Wind,Soft Soil,2026-08-25T20:42:00,2026-08-25T21:59:00,Low,Scheduled
TSK-00038,2026-08-25,OP-010,MC-007,SITE-B,Trenching,Dust Storm,Rocky,2026-08-25T07:00:00,2026-08-25T08:13:00,High,Scheduled
TSK-00039,2026-08-25,OP-010,MC-009,SITE-C,Excavation,High Wind,Hard Soil,2026-08-25T08:33:00,2026-08-25T10:26:00,Medium,Scheduled
TSK-00040,2026-08-25,OP-011,MC-003,SITE-B,Material Loading,Clear,Hard Soil,2026-08-25T19:00:00,2026-08-25T20:10:00,High,Scheduled
TSK-00041,2026-08-25,OP-012,MC-004,SITE-C,Demolition,Clear,Soft Soil,2026-08-25T07:00:00,2026-08-25T08:55:00,Low,Scheduled
TSK-00042,2026-08-25,OP-012,MC-010,SITE-C,Excavation,Clear,Hard Soil,2026-08-25T09:10:00,2026-08-25T11:32:00,High,Scheduled
TSK-00043,2026-08-25,OP-013,MC-010,SITE-D,Demolition,Rain,Soft Soil,2026-08-25T19:00:00,2026-08-25T20:42:00,Low,Scheduled
TSK-00044,2026-08-25,OP-013,MC-004,SITE-B,Demolition,Clear,Rocky,2026-08-25T20:57:00,2026-08-25T22:19:00,High,Scheduled
TSK-00045,2026-08-25,OP-014,MC-006,SITE-B,Excavation,Clear,Soft Soil,2026-08-25T07:00:00,2026-08-25T09:26:00,Medium,Scheduled
TSK-00046,2026-08-25,OP-015,MC-001,SITE-A,Material Loading,Rain,Muddy,2026-08-25T19:00:00,2026-08-25T22:05:00,High,Scheduled
TSK-00047,2026-08-26,OP-001,MC-005,SITE-B,Grading,Dust Storm,Soft Soil,2026-08-26T19:00:00,2026-08-26T20:32:00,Low,Scheduled
TSK-00048,2026-08-26,OP-002,MC-009,SITE-B,Material Loading,Clear,Soft Soil,2026-08-26T07:00:00,2026-08-26T08:25:00,Medium,Scheduled
TSK-00049,2026-08-26,OP-002,MC-006,SITE-D,Grading,Clear,Muddy,2026-08-26T08:55:00,2026-08-26T10:42:00,Medium,Scheduled
TSK-00050,2026-08-26,OP-003,MC-007,SITE-B,Excavation,Rain,Muddy,2026-08-26T19:00:00,2026-08-26T19:56:00,Medium,Scheduled
TSK-00051,2026-08-26,OP-003,MC-008,SITE-A,Material Loading,Clear,Muddy,2026-08-26T20:11:00,2026-08-26T22:19:00,High,Scheduled
TSK-00052,2026-08-26,OP-004,MC-003,SITE-A,Material Loading,Clear,Rocky,2026-08-26T07:00:00,2026-08-26T08:52:00,Low,Scheduled
TSK-00053,2026-08-26,OP-004,MC-005,SITE-D,Material Loading,Rain,Rocky,2026-08-26T09:02:00,2026-08-26T10:50:00,Medium,Scheduled
TSK-00054,2026-08-26,OP-005,MC-008,SITE-B,Material Loading,Clear,Muddy,2026-08-26T19:00:00,2026-08-26T20:20:00,Low,Scheduled
TSK-00055,2026-08-26,OP-006,MC-002,SITE-D,Excavation,High Wind,Rocky,2026-08-26T07:00:00,2026-08-26T10:07:00,High,Scheduled
TSK-00056,2026-08-26,OP-007,MC-005,SITE-C,Demolition,Clear,Muddy,2026-08-26T19:00:00,2026-08-26T21:03:00,Medium,Scheduled
TSK-00057,2026-08-26,OP-007,MC-009,SITE-C,Demolition,Clear,Muddy,2026-08-26T21:13:00,2026-08-26T23:47:00,High,Scheduled
TSK-00058,2026-08-26,OP-008,MC-004,SITE-C,Trenching,Clear,Soft Soil,2026-08-26T07:00:00,2026-08-26T08:42:00,Medium,Scheduled
TSK-00059,2026-08-26,OP-008,MC-003,SITE-B,Trenching,Rain,Rocky,2026-08-26T08:57:00,2026-08-26T10:10:00,Medium,Scheduled
TSK-00060,2026-08-26,OP-008,MC-009,SITE-D,Grading,Clear,Hard Soil,2026-08-26T10:30:00,2026-08-26T11:50:00,High,Scheduled
TSK-00061,2026-08-26,OP-009,MC-002,SITE-C,Excavation,Dust Storm,Hard Soil,2026-08-26T19:00:00,2026-08-26T20:43:00,High,Scheduled
TSK-00062,2026-08-26,OP-010,MC-004,SITE-B,Grading,Clear,Hard Soil,2026-08-26T07:00:00,2026-08-26T08:12:00,Medium,Scheduled
TSK-00063,2026-08-26,OP-010,MC-008,SITE-D,Trenching,Dust Storm,Hard Soil,2026-08-26T08:27:00,2026-08-26T09:12:00,High,Scheduled
TSK-00064,2026-08-26,OP-011,MC-007,SITE-D,Grading,Clear,Soft Soil,2026-08-26T19:00:00,2026-08-26T20:31:00,Low,Scheduled
TSK-00065,2026-08-26,OP-011,MC-002,SITE-B,Grading,Dust Storm,Muddy,2026-08-26T21:01:00,2026-08-26T22:42:00,Low,Scheduled
TSK-00066,2026-08-26,OP-011,MC-010,SITE-A,Trenching,Clear,Muddy,2026-08-26T23:12:00,2026-08-27T01:25:00,High,Scheduled
TSK-00067,2026-08-26,OP-012,MC-001,SITE-D,Demolition,Clear,Hard Soil,2026-08-26T07:00:00,2026-08-26T08:08:00,High,Scheduled
TSK-00068,2026-08-26,OP-012,MC-006,SITE-D,Material Loading,Rain,Rocky,2026-08-26T08:38:00,2026-08-26T09:58:00,High,Scheduled
TSK-00069,2026-08-26,OP-013,MC-002,SITE-C,Trenching,Clear,Rocky,2026-08-26T19:00:00,2026-08-26T19:40:00,Low,Scheduled
TSK-00070,2026-08-26,OP-013,MC-009,SITE-C,Material Loading,Dust Storm,Soft Soil,2026-08-26T19:55:00,2026-08-26T21:29:00,Low,Scheduled
TSK-00071,2026-08-26,OP-013,MC-004,SITE-B,Trenching,Rain,Hard Soil,2026-08-26T21:49:00,2026-08-26T23:50:00,Low,Scheduled
TSK-00072,2026-08-26,OP-014,MC-008,SITE-C,Demolition,Clear,Soft Soil,2026-08-26T07:00:00,2026-08-26T08:40:00,Low,Scheduled
TSK-00073,2026-08-26,OP-014,MC-004,SITE-D,Demolition,High Wind,Soft Soil,2026-08-26T09:10:00,2026-08-26T11:37:00,High,Scheduled
TSK-00074,2026-08-26,OP-014,MC-002,SITE-D,Excavation,High Wind,Rocky,2026-08-26T12:07:00,2026-08-26T13:46:00,Medium,Scheduled
TSK-00075,2026-08-26,OP-015,MC-001,SITE-D,Grading,Clear,Muddy,2026-08-26T19:00:00,2026-08-26T20:22:00,Low,Scheduled
TSK-00076,2026-08-26,OP-015,MC-005,SITE-C,Trenching,Rain,Muddy,2026-08-26T20:37:00,2026-08-26T22:19:00,Low,Scheduled
TSK-00077,2026-08-26,OP-015,MC-001,SITE-D,Demolition,Clear,Soft Soil,2026-08-26T22:49:00,2026-08-27T00:59:00,Low,Scheduled
TSK-00078,2026-08-27,OP-001,MC-001,SITE-D,Grading,Clear,Muddy,2026-08-27T19:00:00,2026-08-27T20:36:00,Medium,Scheduled
TSK-00079,2026-08-27,OP-001,MC-004,SITE-D,Material Loading,Clear,Muddy,2026-08-27T20:51:00,2026-08-27T21:21:00,Medium,Scheduled
TSK-00080,2026-08-27,OP-001,MC-003,SITE-C,Excavation,Clear,Soft Soil,2026-08-27T21:36:00,2026-08-27T23:39:00,Medium,Scheduled
TSK-00081,2026-08-27,OP-002,MC-002,SITE-A,Excavation,High Wind,Hard Soil,2026-08-27T07:00:00,2026-08-27T07:46:00,Low,Scheduled
TSK-00082,2026-08-27,OP-003,MC-008,SITE-B,Trenching,Rain,Hard Soil,2026-08-27T19:00:00,2026-08-27T20:05:00,Medium,Scheduled
TSK-00083,2026-08-27,OP-004,MC-009,SITE-B,Demolition,Rain,Soft Soil,2026-08-27T07:00:00,2026-08-27T08:13:00,Low,Scheduled
TSK-00084,2026-08-27,OP-004,MC-008,SITE-A,Demolition,Clear,Rocky,2026-08-27T08:33:00,2026-08-27T10:28:00,High,Scheduled
TSK-00085,2026-08-27,OP-005,MC-010,SITE-B,Excavation,Clear,Hard Soil,2026-08-27T19:00:00,2026-08-27T20:11:00,Low,Scheduled
TSK-00086,2026-08-27,OP-005,MC-007,SITE-A,Demolition,Rain,Rocky,2026-08-27T20:41:00,2026-08-27T22:37:00,High,Scheduled
TSK-00087,2026-08-27,OP-005,MC-007,SITE-C,Excavation,Clear,Rocky,2026-08-27T22:57:00,2026-08-28T00:41:00,Low,Scheduled
TSK-00088,2026-08-27,OP-006,MC-008,SITE-A,Trenching,High Wind,Muddy,2026-08-27T07:00:00,2026-08-27T09:20:00,High,Scheduled
TSK-00089,2026-08-27,OP-006,MC-006,SITE-D,Grading,Rain,Rocky,2026-08-27T09:50:00,2026-08-27T11:46:00,High,Scheduled
TSK-00090,2026-08-27,OP-006,MC-010,SITE-D,Trenching,Dust Storm,Rocky,2026-08-27T12:01:00,2026-08-27T12:49:00,Medium,Scheduled
TSK-00091,2026-08-27,OP-007,MC-001,SITE-C,Trenching,Clear,Muddy,2026-08-27T19:00:00,2026-08-27T20:46:00,High,Scheduled
TSK-00092,2026-08-27,OP-008,MC-004,SITE-A,Trenching,Dust Storm,Hard Soil,2026-08-27T07:00:00,2026-08-27T08:53:00,Medium,Scheduled
TSK-00093,2026-08-27,OP-008,MC-005,SITE-C,Material Loading,Clear,Rocky,2026-08-27T09:13:00,2026-08-27T10:47:00,High,Scheduled
TSK-00094,2026-08-27,OP-008,MC-001,SITE-B,Excavation,Clear,Muddy,2026-08-27T11:02:00,2026-08-27T11:43:00,Medium,Scheduled
TSK-00095,2026-08-27,OP-009,MC-002,SITE-D,Trenching,Rain,Soft Soil,2026-08-27T19:00:00,2026-08-27T20:31:00,Medium,Scheduled
TSK-00096,2026-08-27,OP-010,MC-003,SITE-B,Material Loading,Rain,Rocky,2026-08-27T07:00:00,2026-08-27T08:12:00,Medium,Scheduled
TSK-00097,2026-08-27,OP-011,MC-004,SITE-C,Material Loading,Rain,Rocky,2026-08-27T19:00:00,2026-08-27T20:37:00,Medium,Scheduled
TSK-00098,2026-08-27,OP-011,MC-004,SITE-B,Excavation,Rain,Rocky,2026-08-27T21:07:00,2026-08-27T22:42:00,Low,Scheduled
TSK-00099,2026-08-27,OP-012,MC-002,SITE-B,Trenching,Clear,Rocky,2026-08-27T07:00:00,2026-08-27T08:40:00,Low,Scheduled
TSK-00100,2026-08-27,OP-013,MC-007,SITE-B,Material Loading,Clear,Soft Soil,2026-08-27T19:00:00,2026-08-27T20:09:00,High,Scheduled
TSK-00101,2026-08-27,OP-014,MC-002,SITE-A,Excavation,Clear,Hard Soil,2026-08-27T07:00:00,2026-08-27T07:30:00,High,Scheduled
TSK-00102,2026-08-27,OP-015,MC-010,SITE-A,Demolition,Clear,Muddy,2026-08-27T19:00:00,2026-08-27T19:45:00,Medium,Scheduled
TSK-00103,2026-08-27,OP-015,MC-007,SITE-B,Excavation,Clear,Muddy,2026-08-27T19:55:00,2026-08-27T21:59:00,Low,Scheduled
TSK-00104,2026-08-27,OP-015,MC-006,SITE-D,Trenching,Clear,Soft Soil,2026-08-27T22:19:00,2026-08-28T00:38:00,Low,Scheduled
TSK-00105,2026-08-28,OP-001,MC-002,SITE-A,Grading,Clear,Muddy,2026-08-28T19:00:00,2026-08-28T20:28:00,High,Scheduled
TSK-00106,2026-08-28,OP-002,MC-003,SITE-D,Trenching,Clear,Muddy,2026-08-28T07:00:00,2026-08-28T09:11:00,Medium,Scheduled
TSK-00107,2026-08-28,OP-003,MC-001,SITE-B,Grading,Clear,Soft Soil,2026-08-28T19:00:00,2026-08-28T21:00:00,Low,Scheduled
TSK-00108,2026-08-28,OP-004,MC-005,SITE-A,Grading,Clear,Muddy,2026-08-28T07:00:00,2026-08-28T08:56:00,High,Scheduled
TSK-00109,2026-08-28,OP-005,MC-007,SITE-A,Grading,Clear,Rocky,2026-08-28T19:00:00,2026-08-28T20:01:00,High,Scheduled
TSK-00110,2026-08-28,OP-005,MC-004,SITE-A,Grading,High Wind,Hard Soil,2026-08-28T20:21:00,2026-08-28T21:41:00,Medium,Scheduled
TSK-00111,2026-08-28,OP-005,MC-009,SITE-B,Grading,High Wind,Hard Soil,2026-08-28T22:11:00,2026-08-28T23:26:00,Low,Scheduled
TSK-00112,2026-08-28,OP-006,MC-004,SITE-C,Demolition,Rain,Rocky,2026-08-28T07:00:00,2026-08-28T08:44:00,Medium,Scheduled
TSK-00113,2026-08-28,OP-007,MC-009,SITE-C,Trenching,High Wind,Muddy,2026-08-28T19:00:00,2026-08-28T21:09:00,Medium,Scheduled
TSK-00114,2026-08-28,OP-008,MC-009,SITE-D,Material Loading,Rain,Soft Soil,2026-08-28T07:00:00,2026-08-28T08:29:00,Low,Scheduled
TSK-00115,2026-08-28,OP-009,MC-010,SITE-C,Demolition,Clear,Hard Soil,2026-08-28T19:00:00,2026-08-28T19:50:00,Medium,Scheduled
TSK-00116,2026-08-28,OP-010,MC-003,SITE-B,Demolition,Clear,Muddy,2026-08-28T07:00:00,2026-08-28T08:06:00,Low,Scheduled
TSK-00117,2026-08-28,OP-010,MC-010,SITE-C,Trenching,Clear,Soft Soil,2026-08-28T08:26:00,2026-08-28T09:51:00,Low,Scheduled
TSK-00118,2026-08-28,OP-010,MC-006,SITE-D,Trenching,Clear,Muddy,2026-08-28T10:21:00,2026-08-28T11:04:00,High,Scheduled
TSK-00119,2026-08-28,OP-011,MC-002,SITE-A,Material Loading,Clear,Soft Soil,2026-08-28T19:00:00,2026-08-28T21:53:00,Medium,Scheduled
TSK-00120,2026-08-28,OP-012,MC-005,SITE-D,Excavation,Clear,Rocky,2026-08-28T07:00:00,2026-08-28T09:06:00,High,Scheduled
TSK-00121,2026-08-28,OP-013,MC-002,SITE-A,Grading,Clear,Hard Soil,2026-08-28T19:00:00,2026-08-28T19:30:00,Medium,Scheduled
TSK-00122,2026-08-28,OP-013,MC-009,SITE-D,Excavation,Clear,Hard Soil,2026-08-28T20:00:00,2026-08-28T21:37:00,High,Scheduled
TSK-00123,2026-08-28,OP-013,MC-009,SITE-C,Demolition,Clear,Muddy,2026-08-28T22:07:00,2026-08-28T23:44:00,Low,Scheduled
TSK-00124,2026-08-28,OP-014,MC-006,SITE-D,Excavation,Rain,Hard Soil,2026-08-28T07:00:00,2026-08-28T08:45:00,Medium,Scheduled
TSK-00125,2026-08-28,OP-015,MC-001,SITE-D,Trenching,High Wind,Hard Soil,2026-08-28T19:00:00,2026-08-28T20:37:00,Medium,Scheduled
TSK-00126,2026-08-28,OP-015,MC-003,SITE-D,Grading,High Wind,Hard Soil,2026-08-28T20:57:00,2026-08-28T22:16:00,Low,Scheduled
TSK-00127,2026-08-29,OP-001,MC-005,SITE-C,Demolition,Clear,Soft Soil,2026-08-29T19:00:00,2026-08-29T20:37:00,Medium,Scheduled
TSK-00128,2026-08-29,OP-001,MC-006,SITE-D,Grading,Clear,Muddy,2026-08-29T21:07:00,2026-08-29T22:45:00,Medium,Scheduled
TSK-00129,2026-08-29,OP-002,MC-007,SITE-D,Material Loading,Dust Storm,Hard Soil,2026-08-29T07:00:00,2026-08-29T08:48:00,High,Scheduled
TSK-00130,2026-08-29,OP-002,MC-009,SITE-B,Trenching,Clear,Muddy,2026-08-29T09:18:00,2026-08-29T10:35:00,High,Scheduled
TSK-00131,2026-08-29,OP-003,MC-007,SITE-B,Trenching,High Wind,Hard Soil,2026-08-29T19:00:00,2026-08-29T20:10:00,High,Scheduled
TSK-00132,2026-08-29,OP-003,MC-003,SITE-A,Trenching,Clear,Muddy,2026-08-29T20:40:00,2026-08-29T22:03:00,Low,Scheduled
TSK-00133,2026-08-29,OP-003,MC-009,SITE-D,Grading,Clear,Rocky,2026-08-29T22:23:00,2026-08-30T00:29:00,Medium,Scheduled
TSK-00134,2026-08-29,OP-004,MC-009,SITE-C,Demolition,Clear,Rocky,2026-08-29T07:00:00,2026-08-29T08:37:00,High,Scheduled
TSK-00135,2026-08-29,OP-004,MC-007,SITE-A,Demolition,Clear,Rocky,2026-08-29T08:47:00,2026-08-29T10:23:00,Low,Scheduled
TSK-00136,2026-08-29,OP-004,MC-005,SITE-D,Excavation,Rain,Soft Soil,2026-08-29T10:53:00,2026-08-29T11:50:00,Medium,Scheduled
TSK-00137,2026-08-29,OP-005,MC-010,SITE-A,Excavation,Clear,Soft Soil,2026-08-29T19:00:00,2026-08-29T20:57:00,Medium,Scheduled
TSK-00138,2026-08-29,OP-006,MC-002,SITE-D,Grading,Clear,Muddy,2026-08-29T07:00:00,2026-08-29T08:54:00,High,Scheduled
TSK-00139,2026-08-29,OP-006,MC-010,SITE-B,Grading,Clear,Muddy,2026-08-29T09:14:00,2026-08-29T11:11:00,High,Scheduled
TSK-00140,2026-08-29,OP-007,MC-003,SITE-B,Grading,Clear,Rocky,2026-08-29T19:00:00,2026-08-29T20:43:00,Medium,Scheduled
TSK-00141,2026-08-29,OP-008,MC-001,SITE-D,Material Loading,Rain,Hard Soil,2026-08-29T07:00:00,2026-08-29T08:23:00,Low,Scheduled
TSK-00142,2026-08-29,OP-008,MC-009,SITE-C,Demolition,Clear,Muddy,2026-08-29T08:33:00,2026-08-29T10:05:00,High,Scheduled
TSK-00143,2026-08-29,OP-009,MC-003,SITE-C,Grading,High Wind,Muddy,2026-08-29T19:00:00,2026-08-29T21:00:00,Low,Scheduled
TSK-00144,2026-08-29,OP-009,MC-003,SITE-D,Demolition,Clear,Rocky,2026-08-29T21:30:00,2026-08-29T23:07:00,High,Scheduled
TSK-00145,2026-08-29,OP-010,MC-006,SITE-D,Material Loading,Clear,Soft Soil,2026-08-29T07:00:00,2026-08-29T08:29:00,High,Scheduled
TSK-00146,2026-08-29,OP-010,MC-007,SITE-C,Grading,Rain,Rocky,2026-08-29T08:39:00,2026-08-29T10:56:00,Low,Scheduled
TSK-00147,2026-08-29,OP-011,MC-010,SITE-B,Excavation,High Wind,Soft Soil,2026-08-29T19:00:00,2026-08-29T20:14:00,Medium,Scheduled
TSK-00148,2026-08-29,OP-012,MC-002,SITE-C,Grading,Clear,Rocky,2026-08-29T07:00:00,2026-08-29T07:57:00,Medium,Scheduled
TSK-00149,2026-08-29,OP-012,MC-001,SITE-B,Grading,Clear,Rocky,2026-08-29T08:07:00,2026-08-29T09:57:00,High,Scheduled
TSK-00150,2026-08-29,OP-012,MC-009,SITE-B,Material Loading,High Wind,Muddy,2026-08-29T10:27:00,2026-08-29T12:15:00,Medium,Scheduled
TSK-00151,2026-08-29,OP-013,MC-005,SITE-D,Excavation,Clear,Hard Soil,2026-08-29T19:00:00,2026-08-29T20:14:00,High,Scheduled
TSK-00152,2026-08-29,OP-013,MC-004,SITE-C,Excavation,Rain,Soft Soil,2026-08-29T20:24:00,2026-08-29T21:42:00,Medium,Scheduled
TSK-00153,2026-08-29,OP-014,MC-005,SITE-C,Material Loading,Clear,Rocky,2026-08-29T07:00:00,2026-08-29T07:54:00,Low,Scheduled
TSK-00154,2026-08-29,OP-015,MC-008,SITE-A,Demolition,Dust Storm,Rocky,2026-08-29T19:00:00,2026-08-29T20:11:00,High,Scheduled
TSK-00155,2026-08-30,OP-001,MC-006,SITE-D,Material Loading,Rain,Soft Soil,2026-08-30T19:00:00,2026-08-30T20:18:00,Low,Scheduled
TSK-00156,2026-08-30,OP-002,MC-001,SITE-C,Trenching,Clear,Hard Soil,2026-08-30T07:00:00,2026-08-30T08:22:00,High,Scheduled
TSK-00157,2026-08-30,OP-003,MC-010,SITE-D,Material Loading,Rain,Muddy,2026-08-30T19:00:00,2026-08-30T20:33:00,High,Scheduled
TSK-00158,2026-08-30,OP-004,MC-001,SITE-A,Trenching,Rain,Rocky,2026-08-30T07:00:00,2026-08-30T08:46:00,Low,Scheduled
TSK-00159,2026-08-30,OP-005,MC-005,SITE-D,Trenching,High Wind,Rocky,2026-08-30T19:00:00,2026-08-30T21:30:00,Low,Scheduled
TSK-00160,2026-08-30,OP-005,MC-006,SITE-C,Excavation,Clear,Hard Soil,2026-08-30T21:45:00,2026-08-30T23:03:00,Low,Scheduled
TSK-00161,2026-08-30,OP-006,MC-008,SITE-B,Demolition,High Wind,Soft Soil,2026-08-30T07:00:00,2026-08-30T08:04:00,Medium,Scheduled
TSK-00162,2026-08-30,OP-006,MC-006,SITE-B,Demolition,Clear,Hard Soil,2026-08-30T08:14:00,2026-08-30T09:32:00,High,Scheduled
TSK-00163,2026-08-30,OP-006,MC-005,SITE-B,Material Loading,Rain,Soft Soil,2026-08-30T09:47:00,2026-08-30T10:56:00,Medium,Scheduled
TSK-00164,2026-08-30,OP-007,MC-005,SITE-C,Grading,Clear,Soft Soil,2026-08-30T19:00:00,2026-08-30T20:33:00,Low,Scheduled
TSK-00165,2026-08-30,OP-008,MC-004,SITE-B,Demolition,Clear,Hard Soil,2026-08-30T07:00:00,2026-08-30T08:08:00,Medium,Scheduled
TSK-00166,2026-08-30,OP-009,MC-006,SITE-D,Demolition,Clear,Soft Soil,2026-08-30T19:00:00,2026-08-30T21:04:00,Medium,Scheduled
TSK-00167,2026-08-30,OP-010,MC-005,SITE-A,Trenching,Clear,Soft Soil,2026-08-30T07:00:00,2026-08-30T08:16:00,High,Scheduled
TSK-00168,2026-08-30,OP-010,MC-004,SITE-D,Excavation,Clear,Muddy,2026-08-30T08:36:00,2026-08-30T10:39:00,Medium,Scheduled
TSK-00169,2026-08-30,OP-010,MC-008,SITE-A,Trenching,Rain,Muddy,2026-08-30T10:59:00,2026-08-30T13:08:00,Low,Scheduled
TSK-00170,2026-08-30,OP-011,MC-002,SITE-B,Excavation,Clear,Rocky,2026-08-30T19:00:00,2026-08-30T21:04:00,Medium,Scheduled
TSK-00171,2026-08-30,OP-012,MC-006,SITE-D,Excavation,Rain,Soft Soil,2026-08-30T07:00:00,2026-08-30T08:02:00,High,Scheduled
TSK-00172,2026-08-30,OP-012,MC-010,SITE-D,Trenching,Dust Storm,Muddy,2026-08-30T08:32:00,2026-08-30T10:17:00,Medium,Scheduled
TSK-00173,2026-08-30,OP-013,MC-009,SITE-D,Excavation,Clear,Rocky,2026-08-30T19:00:00,2026-08-30T20:22:00,High,Scheduled
TSK-00174,2026-08-30,OP-013,MC-001,SITE-C,Grading,Rain,Muddy,2026-08-30T20:52:00,2026-08-30T22:13:00,Low,Scheduled
TSK-00175,2026-08-30,OP-013,MC-009,SITE-A,Excavation,Clear,Rocky,2026-08-30T22:33:00,2026-08-31T00:02:00,Low,Scheduled
TSK-00176,2026-08-30,OP-014,MC-002,SITE-A,Trenching,Clear,Muddy,2026-08-30T07:00:00,2026-08-30T08:34:00,High,Scheduled
TSK-00177,2026-08-30,OP-015,MC-009,SITE-C,Material Loading,Clear,Hard Soil,2026-08-30T19:00:00,2026-08-30T20:02:00,Low,Scheduled
TSK-00178,2026-08-31,OP-001,MC-004,SITE-A,Material Loading,Dust Storm,Rocky,2026-08-31T19:00:00,2026-08-31T20:24:00,Low,Scheduled
TSK-00179,2026-08-31,OP-001,MC-001,SITE-B,Trenching,Dust Storm,Soft Soil,2026-08-31T20:39:00,2026-08-31T21:47:00,High,Scheduled
TSK-00180,2026-08-31,OP-001,MC-009,SITE-A,Grading,Clear,Rocky,2026-08-31T22:07:00,2026-09-01T00:28:00,Medium,Scheduled
TSK-00181,2026-08-31,OP-002,MC-005,SITE-B,Grading,Clear,Muddy,2026-08-31T07:00:00,2026-08-31T09:11:00,Low,Scheduled
TSK-00182,2026-08-31,OP-002,MC-003,SITE-A,Excavation,Rain,Hard Soil,2026-08-31T09:21:00,2026-08-31T11:03:00,Medium,Scheduled
TSK-00183,2026-08-31,OP-003,MC-009,SITE-C,Grading,Clear,Rocky,2026-08-31T19:00:00,2026-08-31T21:35:00,High,Scheduled
TSK-00184,2026-08-31,OP-003,MC-002,SITE-A,Grading,Clear,Soft Soil,2026-08-31T22:05:00,2026-08-31T23:18:00,High,Scheduled
TSK-00185,2026-08-31,OP-003,MC-008,SITE-C,Trenching,Rain,Muddy,2026-08-31T23:28:00,2026-09-01T00:55:00,High,Scheduled
TSK-00186,2026-08-31,OP-004,MC-004,SITE-C,Grading,Rain,Soft Soil,2026-08-31T07:00:00,2026-08-31T08:27:00,Medium,Scheduled
TSK-00187,2026-08-31,OP-004,MC-003,SITE-A,Material Loading,Rain,Muddy,2026-08-31T08:57:00,2026-08-31T10:42:00,High,Scheduled
TSK-00188,2026-08-31,OP-004,MC-010,SITE-A,Grading,Clear,Soft Soil,2026-08-31T11:12:00,2026-08-31T12:36:00,Low,Scheduled
TSK-00189,2026-08-31,OP-005,MC-007,SITE-B,Grading,Rain,Rocky,2026-08-31T19:00:00,2026-08-31T20:56:00,Medium,Scheduled
TSK-00190,2026-08-31,OP-006,MC-009,SITE-D,Trenching,Clear,Muddy,2026-08-31T07:00:00,2026-08-31T07:48:00,High,Scheduled
TSK-00191,2026-08-31,OP-007,MC-004,SITE-A,Trenching,Dust Storm,Soft Soil,2026-08-31T19:00:00,2026-08-31T21:13:00,Medium,Scheduled
TSK-00192,2026-08-31,OP-008,MC-006,SITE-A,Material Loading,Clear,Muddy,2026-08-31T07:00:00,2026-08-31T09:01:00,High,Scheduled
TSK-00193,2026-08-31,OP-009,MC-002,SITE-A,Trenching,Clear,Rocky,2026-08-31T19:00:00,2026-08-31T20:21:00,Low,Scheduled
TSK-00194,2026-08-31,OP-009,MC-009,SITE-C,Excavation,Clear,Soft Soil,2026-08-31T20:41:00,2026-08-31T21:24:00,Low,Scheduled
TSK-00195,2026-08-31,OP-009,MC-002,SITE-D,Demolition,Clear,Rocky,2026-08-31T21:54:00,2026-08-31T23:11:00,High,Scheduled
TSK-00196,2026-08-31,OP-010,MC-007,SITE-C,Grading,Clear,Soft Soil,2026-08-31T07:00:00,2026-08-31T08:22:00,High,Scheduled
TSK-00197,2026-08-31,OP-010,MC-006,SITE-C,Material Loading,Rain,Hard Soil,2026-08-31T08:37:00,2026-08-31T10:01:00,Low,Scheduled
TSK-00198,2026-08-31,OP-011,MC-002,SITE-C,Grading,Clear,Hard Soil,2026-08-31T19:00:00,2026-08-31T21:21:00,High,Scheduled
TSK-00199,2026-08-31,OP-012,MC-006,SITE-D,Trenching,Rain,Muddy,2026-08-31T07:00:00,2026-08-31T08:53:00,High,Scheduled
TSK-00200,2026-08-31,OP-013,MC-001,SITE-B,Trenching,Clear,Muddy,2026-08-31T19:00:00,2026-08-31T20:08:00,High,Scheduled
TSK-00201,2026-08-31,OP-013,MC-004,SITE-C,Demolition,Clear,Soft Soil,2026-08-31T20:28:00,2026-08-31T22:13:00,Medium,Scheduled
TSK-00202,2026-08-31,OP-014,MC-009,SITE-A,Excavation,Clear,Rocky,2026-08-31T07:00:00,2026-08-31T08:50:00,Low,Scheduled
TSK-00203,2026-08-31,OP-014,MC-002,SITE-D,Trenching,Clear,Soft Soil,2026-08-31T09:20:00,2026-08-31T10:34:00,Medium,Scheduled
TSK-00204,2026-08-31,OP-014,MC-008,SITE-C,Demolition,Clear,Hard Soil,2026-08-31T10:44:00,2026-08-31T12:44:00,Low,Scheduled
TSK-00205,2026-08-31,OP-015,MC-008,SITE-C,Excavation,Clear,Hard Soil,2026-08-31T19:00:00,2026-08-31T20:22:00,Low,Scheduled
TSK-00206,2026-08-31,OP-015,MC-009,SITE-D,Trenching,Clear,Hard Soil,2026-08-31T20:32:00,2026-08-31T22:25:00,Medium,Scheduled
TSK-00207,2026-08-31,OP-015,MC-004,SITE-C,Trenching,Clear,Rocky,2026-08-31T22:40:00,2026-08-31T23:58:00,High,Scheduled
TSK-00208,2026-09-01,OP-001,MC-002,SITE-A,Material Loading,Clear,Muddy,2026-09-01T19:00:00,2026-09-01T20:10:00,Medium,Scheduled
TSK-00209,2026-09-01,OP-002,MC-009,SITE-C,Excavation,Clear,Hard Soil,2026-09-01T07:00:00,2026-09-01T07:50:00,Medium,Scheduled
TSK-00210,2026-09-01,OP-002,MC-010,SITE-D,Grading,Clear,Soft Soil,2026-09-01T08:05:00,2026-09-01T08:46:00,Medium,Scheduled
TSK-00211,2026-09-01,OP-003,MC-009,SITE-B,Demolition,Clear,Muddy,2026-09-01T19:00:00,2026-09-01T20:35:00,High,Scheduled
TSK-00212,2026-09-01,OP-003,MC-006,SITE-A,Material Loading,Clear,Hard Soil,2026-09-01T20:55:00,2026-09-01T22:19:00,Medium,Scheduled
TSK-00213,2026-09-01,OP-003,MC-006,SITE-B,Grading,High Wind,Hard Soil,2026-09-01T22:39:00,2026-09-02T00:25:00,Low,Scheduled
TSK-00214,2026-09-01,OP-004,MC-006,SITE-A,Material Loading,Dust Storm,Hard Soil,2026-09-01T07:00:00,2026-09-01T08:00:00,High,Scheduled
TSK-00215,2026-09-01,OP-004,MC-004,SITE-B,Grading,Clear,Hard Soil,2026-09-01T08:10:00,2026-09-01T09:33:00,High,Scheduled
TSK-00216,2026-09-01,OP-005,MC-003,SITE-D,Material Loading,Rain,Hard Soil,2026-09-01T19:00:00,2026-09-01T20:37:00,Medium,Scheduled
TSK-00217,2026-09-01,OP-005,MC-004,SITE-D,Grading,Clear,Rocky,2026-09-01T20:47:00,2026-09-01T23:24:00,Medium,Scheduled
TSK-00218,2026-09-01,OP-005,MC-009,SITE-C,Demolition,High Wind,Muddy,2026-09-01T23:44:00,2026-09-02T02:08:00,Medium,Scheduled
TSK-00219,2026-09-01,OP-006,MC-005,SITE-B,Grading,Dust Storm,Hard Soil,2026-09-01T07:00:00,2026-09-01T08:05:00,Medium,Scheduled
TSK-00220,2026-09-01,OP-006,MC-004,SITE-D,Material Loading,Clear,Soft Soil,2026-09-01T08:35:00,2026-09-01T09:43:00,High,Scheduled
TSK-00221,2026-09-01,OP-006,MC-003,SITE-C,Excavation,Rain,Rocky,2026-09-01T09:53:00,2026-09-01T11:03:00,Medium,Scheduled
TSK-00222,2026-09-01,OP-007,MC-004,SITE-A,Grading,Dust Storm,Rocky,2026-09-01T19:00:00,2026-09-01T21:01:00,Low,Scheduled
TSK-00223,2026-09-01,OP-008,MC-008,SITE-D,Demolition,Clear,Muddy,2026-09-01T07:00:00,2026-09-01T08:14:00,Low,Scheduled
TSK-00224,2026-09-01,OP-008,MC-002,SITE-B,Excavation,Clear,Soft Soil,2026-09-01T08:24:00,2026-09-01T10:08:00,High,Scheduled
TSK-00225,2026-09-01,OP-008,MC-009,SITE-B,Grading,Clear,Muddy,2026-09-01T10:28:00,2026-09-01T12:26:00,High,Scheduled
TSK-00226,2026-09-01,OP-009,MC-009,SITE-D,Demolition,Clear,Soft Soil,2026-09-01T19:00:00,2026-09-01T20:22:00,Low,Scheduled
TSK-00227,2026-09-01,OP-010,MC-007,SITE-B,Demolition,High Wind,Muddy,2026-09-01T07:00:00,2026-09-01T09:21:00,Low,Scheduled
TSK-00228,2026-09-01,OP-010,MC-004,SITE-B,Material Loading,Clear,Hard Soil,2026-09-01T09:36:00,2026-09-01T11:38:00,Medium,Scheduled
TSK-00229,2026-09-01,OP-011,MC-002,SITE-A,Trenching,Clear,Soft Soil,2026-09-01T19:00:00,2026-09-01T20:48:00,High,Scheduled
TSK-00230,2026-09-01,OP-011,MC-009,SITE-B,Material Loading,Clear,Rocky,2026-09-01T20:58:00,2026-09-01T21:55:00,Low,Scheduled
TSK-00231,2026-09-01,OP-011,MC-007,SITE-B,Excavation,Clear,Rocky,2026-09-01T22:10:00,2026-09-01T23:13:00,Low,Scheduled
TSK-00232,2026-09-01,OP-012,MC-001,SITE-D,Excavation,Rain,Rocky,2026-09-01T07:00:00,2026-09-01T08:29:00,Medium,Scheduled
TSK-00233,2026-09-01,OP-013,MC-009,SITE-A,Material Loading,Clear,Soft Soil,2026-09-01T19:00:00,2026-09-01T20:55:00,High,Scheduled
TSK-00234,2026-09-01,OP-014,MC-001,SITE-A,Material Loading,Clear,Hard Soil,2026-09-01T07:00:00,2026-09-01T08:13:00,High,Scheduled
TSK-00235,2026-09-01,OP-014,MC-001,SITE-D,Grading,Dust Storm,Soft Soil,2026-09-01T08:28:00,2026-09-01T10:27:00,High,Scheduled
TSK-00236,2026-09-01,OP-015,MC-006,SITE-C,Grading,Clear,Hard Soil,2026-09-01T19:00:00,2026-09-01T20:14:00,Low,Scheduled
TSK-00237,2026-09-01,OP-015,MC-010,SITE-C,Demolition,Clear,Muddy,2026-09-01T20:24:00,2026-09-01T22:21:00,Medium,Scheduled
TSK-00238,2026-09-01,OP-015,MC-002,SITE-B,Material Loading,Clear,Soft Soil,2026-09-01T22:41:00,2026-09-01T23:11:00,High,Scheduled
TSK-00239,2026-09-02,OP-001,MC-008,SITE-A,Material Loading,Clear,Muddy,2026-09-02T19:00:00,2026-09-02T20:38:00,High,Scheduled
TSK-00240,2026-09-02,OP-001,MC-004,SITE-D,Material Loading,High Wind,Muddy,2026-09-02T20:58:00,2026-09-02T22:10:00,High,Scheduled
TSK-00241,2026-09-02,OP-002,MC-006,SITE-C,Excavation,Rain,Soft Soil,2026-09-02T07:00:00,2026-09-02T07:37:00,Medium,Scheduled
TSK-00242,2026-09-02,OP-002,MC-003,SITE-C,Material Loading,Clear,Rocky,2026-09-02T07:57:00,2026-09-02T09:55:00,High,Scheduled
TSK-00243,2026-09-02,OP-002,MC-010,SITE-C,Trenching,Rain,Muddy,2026-09-02T10:10:00,2026-09-02T11:52:00,Low,Scheduled
TSK-00244,2026-09-02,OP-003,MC-001,SITE-D,Excavation,Rain,Rocky,2026-09-02T19:00:00,2026-09-02T20:23:00,High,Scheduled
TSK-00245,2026-09-02,OP-003,MC-010,SITE-C,Excavation,Clear,Muddy,2026-09-02T20:43:00,2026-09-02T21:41:00,Medium,Scheduled
TSK-00246,2026-09-02,OP-003,MC-003,SITE-A,Grading,Dust Storm,Muddy,2026-09-02T22:11:00,2026-09-02T23:11:00,Low,Scheduled
TSK-00247,2026-09-02,OP-004,MC-001,SITE-B,Material Loading,Clear,Soft Soil,2026-09-02T07:00:00,2026-09-02T08:29:00,High,Scheduled
TSK-00248,2026-09-02,OP-005,MC-006,SITE-C,Material Loading,Clear,Soft Soil,2026-09-02T19:00:00,2026-09-02T20:38:00,High,Scheduled
TSK-00249,2026-09-02,OP-006,MC-004,SITE-D,Material Loading,Rain,Hard Soil,2026-09-02T07:00:00,2026-09-02T08:36:00,Low,Scheduled
TSK-00250,2026-09-02,OP-007,MC-001,SITE-D,Demolition,Clear,Soft Soil,2026-09-02T19:00:00,2026-09-02T20:01:00,Medium,Scheduled
TSK-00251,2026-09-02,OP-008,MC-002,SITE-B,Demolition,Clear,Muddy,2026-09-02T07:00:00,2026-09-02T07:30:00,Low,Scheduled
TSK-00252,2026-09-02,OP-008,MC-004,SITE-B,Excavation,Clear,Muddy,2026-09-02T08:00:00,2026-09-02T08:30:00,Low,Scheduled
TSK-00253,2026-09-02,OP-009,MC-001,SITE-A,Demolition,Clear,Rocky,2026-09-02T19:00:00,2026-09-02T20:35:00,Low,Scheduled
TSK-00254,2026-09-02,OP-009,MC-009,SITE-C,Demolition,Clear,Hard Soil,2026-09-02T20:55:00,2026-09-02T22:43:00,Low,Scheduled
TSK-00255,2026-09-02,OP-010,MC-005,SITE-A,Material Loading,Clear,Rocky,2026-09-02T07:00:00,2026-09-02T09:09:00,Medium,Scheduled
TSK-00256,2026-09-02,OP-011,MC-004,SITE-A,Material Loading,Clear,Muddy,2026-09-02T19:00:00,2026-09-02T20:28:00,High,Scheduled
TSK-00257,2026-09-02,OP-012,MC-005,SITE-A,Grading,High Wind,Soft Soil,2026-09-02T07:00:00,2026-09-02T07:59:00,Medium,Scheduled
TSK-00258,2026-09-02,OP-012,MC-005,SITE-C,Grading,Dust Storm,Hard Soil,2026-09-02T08:29:00,2026-09-02T09:22:00,Low,Scheduled
TSK-00259,2026-09-02,OP-012,MC-003,SITE-A,Excavation,Clear,Rocky,2026-09-02T09:52:00,2026-09-02T11:56:00,Low,Scheduled
TSK-00260,2026-09-02,OP-013,MC-001,SITE-B,Material Loading,High Wind,Rocky,2026-09-02T19:00:00,2026-09-02T20:41:00,Low,Scheduled
TSK-00261,2026-09-02,OP-014,MC-010,SITE-C,Grading,Rain,Soft Soil,2026-09-02T07:00:00,2026-09-02T08:10:00,High,Scheduled
TSK-00262,2026-09-02,OP-014,MC-001,SITE-B,Grading,Rain,Rocky,2026-09-02T08:25:00,2026-09-02T10:33:00,High,Scheduled
TSK-00263,2026-09-02,OP-015,MC-007,SITE-A,Excavation,High Wind,Rocky,2026-09-02T19:00:00,2026-09-02T20:50:00,High,Scheduled
TSK-00264,2026-09-03,OP-001,MC-008,SITE-A,Trenching,Dust Storm,Rocky,2026-09-03T19:00:00,2026-09-03T21:16:00,High,Scheduled
TSK-00265,2026-09-03,OP-002,MC-001,SITE-B,Trenching,Clear,Soft Soil,2026-09-03T07:00:00,2026-09-03T08:58:00,High,Scheduled
TSK-00266,2026-09-03,OP-002,MC-008,SITE-B,Trenching,Clear,Muddy,2026-09-03T09:28:00,2026-09-03T11:19:00,Low,Scheduled
TSK-00267,2026-09-03,OP-003,MC-003,SITE-C,Material Loading,Rain,Rocky,2026-09-03T19:00:00,2026-09-03T20:18:00,Medium,Scheduled
TSK-00268,2026-09-03,OP-003,MC-001,SITE-C,Demolition,Clear,Rocky,2026-09-03T20:33:00,2026-09-03T22:37:00,Low,Scheduled
TSK-00269,2026-09-03,OP-004,MC-009,SITE-C,Trenching,Clear,Soft Soil,2026-09-03T07:00:00,2026-09-03T08:12:00,Low,Scheduled
TSK-00270,2026-09-03,OP-004,MC-003,SITE-D,Demolition,Clear,Hard Soil,2026-09-03T08:22:00,2026-09-03T10:15:00,Medium,Scheduled
TSK-00271,2026-09-03,OP-004,MC-008,SITE-B,Grading,Clear,Muddy,2026-09-03T10:35:00,2026-09-03T11:48:00,Medium,Scheduled
TSK-00272,2026-09-03,OP-005,MC-006,SITE-A,Excavation,High Wind,Muddy,2026-09-03T19:00:00,2026-09-03T20:12:00,Low,Scheduled
TSK-00273,2026-09-03,OP-005,MC-002,SITE-C,Excavation,Clear,Muddy,2026-09-03T20:42:00,2026-09-03T22:06:00,High,Scheduled
TSK-00274,2026-09-03,OP-006,MC-003,SITE-A,Excavation,Clear,Rocky,2026-09-03T07:00:00,2026-09-03T08:34:00,High,Scheduled
TSK-00275,2026-09-03,OP-006,MC-009,SITE-D,Material Loading,Clear,Soft Soil,2026-09-03T08:54:00,2026-09-03T09:30:00,High,Scheduled
TSK-00276,2026-09-03,OP-006,MC-008,SITE-C,Demolition,Clear,Muddy,2026-09-03T09:50:00,2026-09-03T11:26:00,High,Scheduled
TSK-00277,2026-09-03,OP-007,MC-005,SITE-A,Grading,High Wind,Muddy,2026-09-03T19:00:00,2026-09-03T20:18:00,Medium,Scheduled
TSK-00278,2026-09-03,OP-007,MC-007,SITE-C,Grading,Clear,Muddy,2026-09-03T20:38:00,2026-09-03T22:34:00,High,Scheduled
TSK-00279,2026-09-03,OP-007,MC-004,SITE-A,Excavation,Clear,Rocky,2026-09-03T22:54:00,2026-09-04T00:03:00,Medium,Scheduled
TSK-00280,2026-09-03,OP-008,MC-005,SITE-B,Material Loading,High Wind,Rocky,2026-09-03T07:00:00,2026-09-03T07:30:00,Low,Scheduled
TSK-00281,2026-09-03,OP-008,MC-001,SITE-C,Demolition,Clear,Muddy,2026-09-03T07:45:00,2026-09-03T09:41:00,High,Scheduled
TSK-00282,2026-09-03,OP-008,MC-003,SITE-D,Excavation,Clear,Soft Soil,2026-09-03T10:11:00,2026-09-03T12:04:00,Medium,Scheduled
TSK-00283,2026-09-03,OP-009,MC-009,SITE-D,Material Loading,High Wind,Hard Soil,2026-09-03T19:00:00,2026-09-03T19:52:00,High,Scheduled
TSK-00284,2026-09-03,OP-009,MC-006,SITE-D,Grading,Clear,Muddy,2026-09-03T20:02:00,2026-09-03T21:38:00,Low,Scheduled
TSK-00285,2026-09-03,OP-010,MC-007,SITE-A,Grading,Clear,Rocky,2026-09-03T07:00:00,2026-09-03T09:04:00,Medium,Scheduled
TSK-00286,2026-09-03,OP-011,MC-003,SITE-B,Trenching,Clear,Muddy,2026-09-03T19:00:00,2026-09-03T20:42:00,High,Scheduled
TSK-00287,2026-09-03,OP-012,MC-001,SITE-B,Demolition,Clear,Muddy,2026-09-03T07:00:00,2026-09-03T08:03:00,High,Scheduled
TSK-00288,2026-09-03,OP-013,MC-005,SITE-B,Trenching,High Wind,Rocky,2026-09-03T19:00:00,2026-09-03T19:30:00,High,Scheduled
TSK-00289,2026-09-03,OP-013,MC-001,SITE-C,Demolition,Clear,Hard Soil,2026-09-03T19:50:00,2026-09-03T21:18:00,Medium,Scheduled
TSK-00290,2026-09-03,OP-013,MC-009,SITE-B,Material Loading,Rain,Hard Soil,2026-09-03T21:38:00,2026-09-03T23:17:00,High,Scheduled
TSK-00291,2026-09-03,OP-014,MC-005,SITE-D,Material Loading,Clear,Rocky,2026-09-03T07:00:00,2026-09-03T08:29:00,Medium,Scheduled
TSK-00292,2026-09-03,OP-014,MC-008,SITE-D,Trenching,Dust Storm,Hard Soil,2026-09-03T08:49:00,2026-09-03T10:22:00,Medium,Scheduled
TSK-00293,2026-09-03,OP-014,MC-006,SITE-C,Excavation,Clear,Muddy,2026-09-03T10:32:00,2026-09-03T11:18:00,High,Scheduled
TSK-00294,2026-09-03,OP-015,MC-001,SITE-B,Grading,Dust Storm,Rocky,2026-09-03T19:00:00,2026-09-03T20:19:00,High,Scheduled
TSK-00295,2026-09-03,OP-015,MC-001,SITE-B,Excavation,Rain,Hard Soil,2026-09-03T20:49:00,2026-09-03T22:06:00,Low,Scheduled
TSK-00296,2026-09-04,OP-001,MC-007,SITE-B,Excavation,Clear,Rocky,2026-09-04T19:00:00,2026-09-04T20:29:00,High,Scheduled
TSK-00297,2026-09-04,OP-002,MC-001,SITE-B,Excavation,High Wind,Hard Soil,2026-09-04T07:00:00,2026-09-04T08:39:00,Medium,Scheduled
TSK-00298,2026-09-04,OP-002,MC-009,SITE-D,Grading,Rain,Rocky,2026-09-04T08:49:00,2026-09-04T10:24:00,Medium,Scheduled
TSK-00299,2026-09-04,OP-002,MC-007,SITE-A,Excavation,Rain,Hard Soil,2026-09-04T10:54:00,2026-09-04T12:13:00,High,Scheduled
TSK-00300,2026-09-04,OP-003,MC-001,SITE-D,Grading,High Wind,Soft Soil,2026-09-04T19:00:00,2026-09-04T20:16:00,Medium,Scheduled
TSK-00301,2026-09-04,OP-004,MC-008,SITE-C,Excavation,Clear,Soft Soil,2026-09-04T07:00:00,2026-09-04T08:20:00,Medium,Scheduled
TSK-00302,2026-09-04,OP-004,MC-008,SITE-D,Demolition,Clear,Hard Soil,2026-09-04T08:35:00,2026-09-04T10:06:00,High,Scheduled
TSK-00303,2026-09-04,OP-004,MC-007,SITE-C,Grading,Dust Storm,Rocky,2026-09-04T10:26:00,2026-09-04T12:00:00,Low,Scheduled
TSK-00304,2026-09-04,OP-005,MC-005,SITE-B,Excavation,Rain,Rocky,2026-09-04T19:00:00,2026-09-04T19:59:00,High,Scheduled
TSK-00305,2026-09-04,OP-005,MC-007,SITE-B,Demolition,Dust Storm,Muddy,2026-09-04T20:19:00,2026-09-04T21:28:00,Medium,Scheduled
TSK-00306,2026-09-04,OP-005,MC-007,SITE-A,Trenching,Rain,Hard Soil,2026-09-04T21:43:00,2026-09-04T22:26:00,Low,Scheduled
TSK-00307,2026-09-04,OP-006,MC-001,SITE-B,Excavation,Clear,Hard Soil,2026-09-04T07:00:00,2026-09-04T07:47:00,Medium,Scheduled
TSK-00308,2026-09-04,OP-006,MC-010,SITE-C,Material Loading,Clear,Soft Soil,2026-09-04T08:07:00,2026-09-04T09:53:00,Medium,Scheduled
TSK-00309,2026-09-04,OP-006,MC-002,SITE-B,Excavation,Rain,Muddy,2026-09-04T10:13:00,2026-09-04T12:09:00,Medium,Scheduled
TSK-00310,2026-09-04,OP-007,MC-010,SITE-C,Excavation,Rain,Rocky,2026-09-04T19:00:00,2026-09-04T20:32:00,Medium,Scheduled
TSK-00311,2026-09-04,OP-008,MC-010,SITE-B,Trenching,Clear,Rocky,2026-09-04T07:00:00,2026-09-04T08:12:00,Medium,Scheduled
TSK-00312,2026-09-04,OP-009,MC-008,SITE-B,Demolition,Dust Storm,Soft Soil,2026-09-04T19:00:00,2026-09-04T20:46:00,High,Scheduled
TSK-00313,2026-09-04,OP-009,MC-007,SITE-C,Excavation,High Wind,Soft Soil,2026-09-04T21:01:00,2026-09-04T23:38:00,Low,Scheduled
TSK-00314,2026-09-04,OP-009,MC-002,SITE-B,Grading,Clear,Muddy,2026-09-05T00:08:00,2026-09-05T01:04:00,Low,Scheduled
TSK-00315,2026-09-04,OP-010,MC-009,SITE-A,Demolition,Clear,Soft Soil,2026-09-04T07:00:00,2026-09-04T08:26:00,Medium,Scheduled
TSK-00316,2026-09-04,OP-011,MC-001,SITE-D,Demolition,Clear,Muddy,2026-09-04T19:00:00,2026-09-04T21:35:00,High,Scheduled
TSK-00317,2026-09-04,OP-012,MC-005,SITE-D,Material Loading,Dust Storm,Hard Soil,2026-09-04T07:00:00,2026-09-04T08:24:00,High,Scheduled
TSK-00318,2026-09-04,OP-012,MC-009,SITE-A,Trenching,Clear,Soft Soil,2026-09-04T08:34:00,2026-09-04T09:58:00,High,Scheduled
TSK-00319,2026-09-04,OP-013,MC-004,SITE-D,Excavation,Clear,Hard Soil,2026-09-04T19:00:00,2026-09-04T20:39:00,Low,Scheduled
TSK-00320,2026-09-04,OP-014,MC-003,SITE-D,Trenching,Dust Storm,Muddy,2026-09-04T07:00:00,2026-09-04T08:38:00,Medium,Scheduled
TSK-00321,2026-09-04,OP-014,MC-006,SITE-B,Material Loading,Clear,Muddy,2026-09-04T08:58:00,2026-09-04T10:36:00,High,Scheduled
TSK-00322,2026-09-04,OP-014,MC-002,SITE-B,Excavation,Rain,Rocky,2026-09-04T10:46:00,2026-09-04T12:21:00,Medium,Scheduled
TSK-00323,2026-09-04,OP-015,MC-004,SITE-B,Grading,Clear,Hard Soil,2026-09-04T19:00:00,2026-09-04T20:59:00,Medium,Scheduled
TSK-00324,2026-09-04,OP-015,MC-002,SITE-A,Excavation,Dust Storm,Muddy,2026-09-04T21:29:00,2026-09-04T23:19:00,High,Scheduled
TSK-00325,2026-09-04,OP-015,MC-008,SITE-B,Grading,Clear,Soft Soil,2026-09-04T23:34:00,2026-09-05T01:16:00,Medium,Scheduled
TSK-00326,2026-09-05,OP-001,MC-008,SITE-A,Trenching,Clear,Hard Soil,2026-09-05T19:00:00,2026-09-05T19:39:00,Low,Scheduled
TSK-00327,2026-09-05,OP-002,MC-003,SITE-B,Demolition,Clear,Rocky,2026-09-05T07:00:00,2026-09-05T08:03:00,Low,Scheduled
TSK-00328,2026-09-05,OP-003,MC-005,SITE-B,Trenching,Clear,Soft Soil,2026-09-05T19:00:00,2026-09-05T21:09:00,High,Scheduled
TSK-00329,2026-09-05,OP-003,MC-004,SITE-D,Demolition,Clear,Rocky,2026-09-05T21:24:00,2026-09-05T23:16:00,High,Scheduled
TSK-00330,2026-09-05,OP-004,MC-010,SITE-D,Trenching,Clear,Muddy,2026-09-05T07:00:00,2026-09-05T08:24:00,Low,Scheduled
TSK-00331,2026-09-05,OP-004,MC-007,SITE-B,Grading,Clear,Hard Soil,2026-09-05T08:44:00,2026-09-05T09:29:00,Medium,Scheduled
TSK-00332,2026-09-05,OP-004,MC-001,SITE-D,Trenching,Clear,Hard Soil,2026-09-05T09:59:00,2026-09-05T11:37:00,Medium,Scheduled
TSK-00333,2026-09-05,OP-005,MC-004,SITE-B,Material Loading,Rain,Muddy,2026-09-05T19:00:00,2026-09-05T20:37:00,Medium,Scheduled
TSK-00334,2026-09-05,OP-006,MC-006,SITE-A,Material Loading,Clear,Soft Soil,2026-09-05T07:00:00,2026-09-05T08:36:00,Low,Scheduled
TSK-00335,2026-09-05,OP-007,MC-005,SITE-D,Grading,Dust Storm,Rocky,2026-09-05T19:00:00,2026-09-05T19:30:00,Medium,Scheduled
TSK-00336,2026-09-05,OP-008,MC-009,SITE-B,Excavation,Rain,Muddy,2026-09-05T07:00:00,2026-09-05T08:30:00,Low,Scheduled
TSK-00337,2026-09-05,OP-009,MC-005,SITE-B,Demolition,Clear,Rocky,2026-09-05T19:00:00,2026-09-05T20:42:00,Medium,Scheduled
TSK-00338,2026-09-05,OP-010,MC-006,SITE-C,Material Loading,Clear,Muddy,2026-09-05T07:00:00,2026-09-05T08:37:00,Medium,Scheduled
TSK-00339,2026-09-05,OP-010,MC-006,SITE-D,Material Loading,High Wind,Rocky,2026-09-05T08:57:00,2026-09-05T10:54:00,Medium,Scheduled
TSK-00340,2026-09-05,OP-010,MC-003,SITE-A,Demolition,Dust Storm,Hard Soil,2026-09-05T11:04:00,2026-09-05T12:53:00,Low,Scheduled
TSK-00341,2026-09-05,OP-011,MC-004,SITE-C,Grading,Clear,Hard Soil,2026-09-05T19:00:00,2026-09-05T20:45:00,Medium,Scheduled
TSK-00342,2026-09-05,OP-011,MC-002,SITE-D,Demolition,Rain,Rocky,2026-09-05T21:15:00,2026-09-05T22:54:00,Medium,Scheduled
TSK-00343,2026-09-05,OP-012,MC-006,SITE-D,Grading,Rain,Rocky,2026-09-05T07:00:00,2026-09-05T08:19:00,Low,Scheduled
TSK-00344,2026-09-05,OP-012,MC-002,SITE-D,Grading,High Wind,Soft Soil,2026-09-05T08:49:00,2026-09-05T09:33:00,High,Scheduled
TSK-00345,2026-09-05,OP-012,MC-008,SITE-A,Excavation,Rain,Muddy,2026-09-05T09:48:00,2026-09-05T11:25:00,Low,Scheduled
TSK-00346,2026-09-05,OP-013,MC-003,SITE-B,Excavation,Clear,Muddy,2026-09-05T19:00:00,2026-09-05T20:30:00,Medium,Scheduled
TSK-00347,2026-09-05,OP-014,MC-005,SITE-D,Excavation,Clear,Muddy,2026-09-05T07:00:00,2026-09-05T08:49:00,Low,Scheduled
TSK-00348,2026-09-05,OP-015,MC-004,SITE-C,Excavation,Clear,Muddy,2026-09-05T19:00:00,2026-09-05T21:05:00,Low,Scheduled
TSK-00349,2026-09-06,OP-001,MC-002,SITE-B,Grading,Clear,Rocky,2026-09-06T19:00:00,2026-09-06T20:19:00,Medium,Scheduled
TSK-00350,2026-09-06,OP-002,MC-002,SITE-A,Material Loading,High Wind,Muddy,2026-09-06T07:00:00,2026-09-06T08:56:00,High,Scheduled
TSK-00351,2026-09-06,OP-002,MC-007,SITE-B,Material Loading,Rain,Soft Soil,2026-09-06T09:26:00,2026-09-06T11:19:00,High,Scheduled
TSK-00352,2026-09-06,OP-003,MC-004,SITE-D,Trenching,Clear,Muddy,2026-09-06T19:00:00,2026-09-06T20:13:00,Low,Scheduled
TSK-00353,2026-09-06,OP-004,MC-002,SITE-A,Trenching,Dust Storm,Rocky,2026-09-06T07:00:00,2026-09-06T08:55:00,High,Scheduled
TSK-00354,2026-09-06,OP-005,MC-009,SITE-B,Grading,High Wind,Muddy,2026-09-06T19:00:00,2026-09-06T20:23:00,Medium,Scheduled
TSK-00355,2026-09-06,OP-006,MC-001,SITE-C,Demolition,Clear,Soft Soil,2026-09-06T07:00:00,2026-09-06T08:03:00,Low,Scheduled
TSK-00356,2026-09-06,OP-007,MC-005,SITE-B,Demolition,Clear,Muddy,2026-09-06T19:00:00,2026-09-06T20:25:00,Low,Scheduled
TSK-00357,2026-09-06,OP-007,MC-001,SITE-B,Demolition,Clear,Muddy,2026-09-06T20:35:00,2026-09-06T21:16:00,High,Scheduled
TSK-00358,2026-09-06,OP-008,MC-002,SITE-B,Excavation,Clear,Rocky,2026-09-06T07:00:00,2026-09-06T08:49:00,Low,Scheduled
TSK-00359,2026-09-06,OP-008,MC-006,SITE-D,Grading,Dust Storm,Rocky,2026-09-06T09:19:00,2026-09-06T10:11:00,High,Scheduled
TSK-00360,2026-09-06,OP-009,MC-010,SITE-A,Material Loading,Rain,Muddy,2026-09-06T19:00:00,2026-09-06T20:42:00,Medium,Scheduled
TSK-00361,2026-09-06,OP-009,MC-010,SITE-C,Demolition,High Wind,Muddy,2026-09-06T21:02:00,2026-09-06T23:38:00,Low,Scheduled
TSK-00362,2026-09-06,OP-009,MC-003,SITE-A,Demolition,Clear,Hard Soil,2026-09-06T23:53:00,2026-09-07T01:04:00,High,Scheduled
TSK-00363,2026-09-06,OP-010,MC-003,SITE-C,Grading,Clear,Hard Soil,2026-09-06T07:00:00,2026-09-06T08:30:00,High,Scheduled
TSK-00364,2026-09-06,OP-011,MC-005,SITE-C,Excavation,Clear,Rocky,2026-09-06T19:00:00,2026-09-06T20:55:00,Medium,Scheduled
TSK-00365,2026-09-06,OP-011,MC-005,SITE-C,Excavation,Clear,Hard Soil,2026-09-06T21:15:00,2026-09-06T22:49:00,Medium,Scheduled
TSK-00366,2026-09-06,OP-011,MC-005,SITE-D,Excavation,Clear,Rocky,2026-09-06T23:09:00,2026-09-07T01:07:00,High,Scheduled
TSK-00367,2026-09-06,OP-012,MC-005,SITE-D,Excavation,Clear,Muddy,2026-09-06T07:00:00,2026-09-06T09:07:00,Low,Scheduled
TSK-00368,2026-09-06,OP-013,MC-006,SITE-D,Grading,Clear,Rocky,2026-09-06T19:00:00,2026-09-06T20:42:00,Medium,Scheduled
TSK-00369,2026-09-06,OP-014,MC-005,SITE-A,Grading,Clear,Muddy,2026-09-06T07:00:00,2026-09-06T08:26:00,Medium,Scheduled
TSK-00370,2026-09-06,OP-014,MC-001,SITE-A,Material Loading,Clear,Hard Soil,2026-09-06T08:41:00,2026-09-06T10:29:00,High,Scheduled
TSK-00371,2026-09-06,OP-014,MC-002,SITE-B,Trenching,Clear,Rocky,2026-09-06T10:59:00,2026-09-06T11:54:00,Low,Scheduled
TSK-00372,2026-09-06,OP-015,MC-001,SITE-D,Material Loading,Clear,Muddy,2026-09-06T19:00:00,2026-09-06T20:34:00,High,Scheduled
TSK-00373,2026-09-06,OP-015,MC-002,SITE-C,Material Loading,Rain,Hard Soil,2026-09-06T20:54:00,2026-09-06T22:13:00,Medium,Scheduled
TSK-00374,2026-09-06,OP-015,MC-007,SITE-B,Trenching,High Wind,Rocky,2026-09-06T22:28:00,2026-09-06T23:25:00,High,Scheduled
TSK-00375,2026-09-07,OP-001,MC-003,SITE-C,Trenching,Clear,Muddy,2026-09-07T19:00:00,2026-09-07T20:53:00,Medium,Scheduled
TSK-00376,2026-09-07,OP-001,MC-005,SITE-B,Demolition,High Wind,Hard Soil,2026-09-07T21:08:00,2026-09-07T23:20:00,High,Scheduled
TSK-00377,2026-09-07,OP-001,MC-005,SITE-D,Grading,Clear,Rocky,2026-09-07T23:30:00,2026-09-08T00:43:00,High,Scheduled
TSK-00378,2026-09-07,OP-002,MC-008,SITE-D,Grading,Rain,Hard Soil,2026-09-07T07:00:00,2026-09-07T07:30:00,Medium,Scheduled
TSK-00379,2026-09-07,OP-003,MC-006,SITE-D,Excavation,Clear,Muddy,2026-09-07T19:00:00,2026-09-07T20:37:00,High,Scheduled
TSK-00380,2026-09-07,OP-004,MC-002,SITE-A,Material Loading,Rain,Soft Soil,2026-09-07T07:00:00,2026-09-07T08:07:00,Low,Scheduled
TSK-00381,2026-09-07,OP-004,MC-006,SITE-C,Grading,Rain,Soft Soil,2026-09-07T08:37:00,2026-09-07T09:43:00,High,Scheduled
TSK-00382,2026-09-07,OP-004,MC-005,SITE-C,Trenching,Clear,Soft Soil,2026-09-07T09:58:00,2026-09-07T12:06:00,Medium,Scheduled
TSK-00383,2026-09-07,OP-005,MC-002,SITE-D,Material Loading,Clear,Hard Soil,2026-09-07T19:00:00,2026-09-07T20:46:00,Medium,Scheduled
TSK-00384,2026-09-07,OP-006,MC-002,SITE-A,Material Loading,Clear,Soft Soil,2026-09-07T07:00:00,2026-09-07T09:03:00,Low,Scheduled
TSK-00385,2026-09-07,OP-007,MC-009,SITE-C,Material Loading,Clear,Hard Soil,2026-09-07T19:00:00,2026-09-07T21:03:00,High,Scheduled
TSK-00386,2026-09-07,OP-008,MC-008,SITE-D,Excavation,Clear,Muddy,2026-09-07T07:00:00,2026-09-07T08:49:00,Medium,Scheduled
TSK-00387,2026-09-07,OP-008,MC-007,SITE-C,Excavation,Dust Storm,Soft Soil,2026-09-07T09:09:00,2026-09-07T10:44:00,Low,Scheduled
TSK-00388,2026-09-07,OP-008,MC-009,SITE-A,Grading,High Wind,Hard Soil,2026-09-07T10:54:00,2026-09-07T12:01:00,High,Scheduled
TSK-00389,2026-09-07,OP-009,MC-006,SITE-C,Demolition,Clear,Muddy,2026-09-07T19:00:00,2026-09-07T20:39:00,Low,Scheduled
TSK-00390,2026-09-07,OP-010,MC-001,SITE-B,Trenching,Clear,Hard Soil,2026-09-07T07:00:00,2026-09-07T08:46:00,Medium,Scheduled
TSK-00391,2026-09-07,OP-010,MC-009,SITE-D,Excavation,Rain,Hard Soil,2026-09-07T09:01:00,2026-09-07T10:53:00,Medium,Scheduled
TSK-00392,2026-09-07,OP-010,MC-002,SITE-A,Demolition,Clear,Rocky,2026-09-07T11:23:00,2026-09-07T12:59:00,Low,Scheduled
TSK-00393,2026-09-07,OP-011,MC-003,SITE-C,Trenching,Clear,Rocky,2026-09-07T19:00:00,2026-09-07T19:53:00,High,Scheduled
TSK-00394,2026-09-07,OP-011,MC-001,SITE-D,Demolition,Clear,Rocky,2026-09-07T20:03:00,2026-09-07T21:19:00,Medium,Scheduled
TSK-00395,2026-09-07,OP-011,MC-009,SITE-C,Demolition,Clear,Hard Soil,2026-09-07T21:49:00,2026-09-07T23:17:00,Medium,Scheduled
TSK-00396,2026-09-07,OP-012,MC-010,SITE-C,Excavation,Clear,Hard Soil,2026-09-07T07:00:00,2026-09-07T08:27:00,High,Scheduled
TSK-00397,2026-09-07,OP-013,MC-008,SITE-B,Demolition,Clear,Hard Soil,2026-09-07T19:00:00,2026-09-07T20:09:00,Medium,Scheduled
TSK-00398,2026-09-07,OP-013,MC-003,SITE-B,Trenching,Clear,Hard Soil,2026-09-07T20:39:00,2026-09-07T22:09:00,Medium,Scheduled
TSK-00399,2026-09-07,OP-013,MC-008,SITE-A,Material Loading,High Wind,Muddy,2026-09-07T22:24:00,2026-09-07T23:25:00,Low,Scheduled
TSK-00400,2026-09-07,OP-014,MC-010,SITE-D,Trenching,Rain,Muddy,2026-09-07T07:00:00,2026-09-07T08:03:00,High,Scheduled
TSK-00401,2026-09-07,OP-015,MC-001,SITE-B,Excavation,Clear,Hard Soil,2026-09-07T19:00:00,2026-09-07T19:50:00,Medium,Scheduled
TSK-00402,2026-09-07,OP-015,MC-006,SITE-C,Grading,Clear,Hard Soil,2026-09-07T20:20:00,2026-09-07T20:50:00,Medium,Scheduled
TSK-00403,2026-09-07,OP-015,MC-006,SITE-A,Demolition,Clear,Rocky,2026-09-07T21:00:00,2026-09-07T22:35:00,High,Scheduled
TSK-00404,2026-09-08,OP-001,MC-009,SITE-B,Trenching,Clear,Hard Soil,2026-09-08T19:00:00,2026-09-08T20:58:00,Medium,Scheduled
TSK-00405,2026-09-08,OP-002,MC-006,SITE-C,Material Loading,Dust Storm,Soft Soil,2026-09-08T07:00:00,2026-09-08T07:30:00,Medium,Scheduled
TSK-00406,2026-09-08,OP-003,MC-001,SITE-B,Demolition,Rain,Muddy,2026-09-08T19:00:00,2026-09-08T20:50:00,Low,Scheduled
TSK-00407,2026-09-08,OP-004,MC-003,SITE-B,Excavation,Clear,Rocky,2026-09-08T07:00:00,2026-09-08T07:55:00,High,Scheduled
TSK-00408,2026-09-08,OP-005,MC-007,SITE-C,Material Loading,Clear,Soft Soil,2026-09-08T19:00:00,2026-09-08T21:13:00,Low,Scheduled
TSK-00409,2026-09-08,OP-006,MC-010,SITE-C,Grading,Rain,Hard Soil,2026-09-08T07:00:00,2026-09-08T07:38:00,Low,Scheduled
TSK-00410,2026-09-08,OP-006,MC-007,SITE-C,Grading,Rain,Muddy,2026-09-08T07:48:00,2026-09-08T09:23:00,Medium,Scheduled
TSK-00411,2026-09-08,OP-006,MC-002,SITE-C,Trenching,Clear,Soft Soil,2026-09-08T09:38:00,2026-09-08T10:36:00,High,Scheduled
TSK-00412,2026-09-08,OP-007,MC-005,SITE-C,Material Loading,Clear,Muddy,2026-09-08T19:00:00,2026-09-08T20:49:00,Medium,Scheduled
TSK-00413,2026-09-08,OP-008,MC-004,SITE-D,Material Loading,Dust Storm,Muddy,2026-09-08T07:00:00,2026-09-08T08:42:00,Low,Scheduled
TSK-00414,2026-09-08,OP-009,MC-002,SITE-D,Material Loading,Clear,Rocky,2026-09-08T19:00:00,2026-09-08T20:29:00,Medium,Scheduled
TSK-00415,2026-09-08,OP-009,MC-005,SITE-D,Material Loading,Dust Storm,Soft Soil,2026-09-08T20:44:00,2026-09-08T22:34:00,Low,Scheduled
TSK-00416,2026-09-08,OP-009,MC-004,SITE-D,Excavation,Clear,Hard Soil,2026-09-08T22:49:00,2026-09-09T00:20:00,Medium,Scheduled
TSK-00417,2026-09-08,OP-010,MC-002,SITE-D,Grading,High Wind,Hard Soil,2026-09-08T07:00:00,2026-09-08T09:57:00,High,Scheduled
TSK-00418,2026-09-08,OP-010,MC-002,SITE-B,Material Loading,Clear,Rocky,2026-09-08T10:07:00,2026-09-08T11:03:00,Medium,Scheduled
TSK-00419,2026-09-08,OP-010,MC-004,SITE-C,Grading,Clear,Rocky,2026-09-08T11:23:00,2026-09-08T12:22:00,High,Scheduled
TSK-00420,2026-09-08,OP-011,MC-010,SITE-A,Excavation,Clear,Muddy,2026-09-08T19:00:00,2026-09-08T19:59:00,Low,Scheduled
TSK-00421,2026-09-08,OP-012,MC-003,SITE-D,Excavation,Clear,Rocky,2026-09-08T07:00:00,2026-09-08T07:49:00,Low,Scheduled
TSK-00422,2026-09-08,OP-013,MC-004,SITE-D,Excavation,Clear,Soft Soil,2026-09-08T19:00:00,2026-09-08T20:25:00,High,Scheduled
TSK-00423,2026-09-08,OP-013,MC-008,SITE-A,Material Loading,Clear,Rocky,2026-09-08T20:40:00,2026-09-08T21:53:00,Low,Scheduled
TSK-00424,2026-09-08,OP-013,MC-009,SITE-B,Grading,Clear,Soft Soil,2026-09-08T22:03:00,2026-09-08T22:53:00,High,Scheduled
TSK-00425,2026-09-08,OP-014,MC-007,SITE-C,Grading,Rain,Hard Soil,2026-09-08T07:00:00,2026-09-08T08:32:00,Medium,Scheduled
TSK-00426,2026-09-08,OP-015,MC-007,SITE-A,Excavation,Clear,Soft Soil,2026-09-08T19:00:00,2026-09-08T19:37:00,High,Scheduled
TSK-00427,2026-09-08,OP-015,MC-004,SITE-C,Trenching,Clear,Hard Soil,2026-09-08T19:52:00,2026-09-08T21:18:00,Low,Scheduled
TSK-00428,2026-09-08,OP-015,MC-002,SITE-A,Grading,Clear,Rocky,2026-09-08T21:48:00,2026-09-09T00:19:00,High,Scheduled
TSK-00429,2026-09-09,OP-001,MC-008,SITE-B,Demolition,Rain,Hard Soil,2026-09-09T19:00:00,2026-09-09T20:53:00,High,Scheduled
TSK-00430,2026-09-09,OP-002,MC-010,SITE-A,Grading,Clear,Soft Soil,2026-09-09T07:00:00,2026-09-09T08:46:00,Low,Scheduled
TSK-00431,2026-09-09,OP-002,MC-007,SITE-A,Demolition,Dust Storm,Soft Soil,2026-09-09T09:06:00,2026-09-09T10:46:00,Medium,Scheduled
TSK-00432,2026-09-09,OP-002,MC-006,SITE-B,Trenching,Dust Storm,Muddy,2026-09-09T11:16:00,2026-09-09T13:08:00,Medium,Scheduled
TSK-00433,2026-09-09,OP-003,MC-005,SITE-A,Excavation,Clear,Soft Soil,2026-09-09T19:00:00,2026-09-09T21:13:00,Medium,Scheduled
TSK-00434,2026-09-09,OP-004,MC-002,SITE-A,Trenching,Clear,Muddy,2026-09-09T07:00:00,2026-09-09T08:37:00,Medium,Scheduled
TSK-00435,2026-09-09,OP-005,MC-006,SITE-B,Material Loading,Clear,Soft Soil,2026-09-09T19:00:00,2026-09-09T19:44:00,High,Scheduled
TSK-00436,2026-09-09,OP-005,MC-008,SITE-B,Demolition,Clear,Soft Soil,2026-09-09T19:54:00,2026-09-09T20:54:00,Medium,Scheduled
TSK-00437,2026-09-09,OP-005,MC-008,SITE-B,Excavation,Clear,Muddy,2026-09-09T21:09:00,2026-09-09T21:42:00,Low,Scheduled
TSK-00438,2026-09-09,OP-006,MC-006,SITE-C,Grading,Clear,Hard Soil,2026-09-09T07:00:00,2026-09-09T08:59:00,High,Scheduled
TSK-00439,2026-09-09,OP-006,MC-004,SITE-B,Trenching,High Wind,Rocky,2026-09-09T09:09:00,2026-09-09T10:16:00,Low,Scheduled
TSK-00440,2026-09-09,OP-006,MC-008,SITE-B,Material Loading,Rain,Soft Soil,2026-09-09T10:26:00,2026-09-09T12:05:00,Low,Scheduled
TSK-00441,2026-09-09,OP-007,MC-010,SITE-C,Demolition,Clear,Soft Soil,2026-09-09T19:00:00,2026-09-09T20:56:00,Medium,Scheduled
TSK-00442,2026-09-09,OP-007,MC-008,SITE-C,Excavation,Clear,Hard Soil,2026-09-09T21:26:00,2026-09-09T22:06:00,Medium,Scheduled
TSK-00443,2026-09-09,OP-008,MC-010,SITE-A,Demolition,Rain,Soft Soil,2026-09-09T07:00:00,2026-09-09T09:18:00,Low,Scheduled
TSK-00444,2026-09-09,OP-009,MC-003,SITE-A,Grading,Clear,Rocky,2026-09-09T19:00:00,2026-09-09T20:54:00,Medium,Scheduled
TSK-00445,2026-09-09,OP-010,MC-006,SITE-A,Demolition,Dust Storm,Muddy,2026-09-09T07:00:00,2026-09-09T08:46:00,Low,Scheduled
TSK-00446,2026-09-09,OP-011,MC-006,SITE-D,Material Loading,Clear,Soft Soil,2026-09-09T19:00:00,2026-09-09T20:46:00,High,Scheduled
TSK-00447,2026-09-09,OP-011,MC-008,SITE-A,Demolition,Rain,Soft Soil,2026-09-09T21:01:00,2026-09-09T22:23:00,Low,Scheduled
TSK-00448,2026-09-09,OP-012,MC-002,SITE-D,Excavation,Dust Storm,Rocky,2026-09-09T07:00:00,2026-09-09T08:41:00,Medium,Scheduled
TSK-00449,2026-09-09,OP-013,MC-009,SITE-D,Excavation,Clear,Rocky,2026-09-09T19:00:00,2026-09-09T20:20:00,High,Scheduled
TSK-00450,2026-09-09,OP-013,MC-009,SITE-B,Trenching,Clear,Muddy,2026-09-09T20:30:00,2026-09-09T22:02:00,Low,Scheduled
TSK-00451,2026-09-09,OP-014,MC-005,SITE-A,Trenching,Clear,Rocky,2026-09-09T07:00:00,2026-09-09T09:03:00,High,Scheduled
TSK-00452,2026-09-09,OP-015,MC-005,SITE-A,Trenching,Dust Storm,Rocky,2026-09-09T19:00:00,2026-09-09T20:09:00,Low,Scheduled
TSK-00453,2026-09-10,OP-001,MC-002,SITE-D,Trenching,High Wind,Hard Soil,2026-09-10T19:00:00,2026-09-10T19:59:00,High,Scheduled
TSK-00454,2026-09-10,OP-002,MC-007,SITE-A,Grading,Dust Storm,Muddy,2026-09-10T07:00:00,2026-09-10T08:30:00,High,Scheduled
TSK-00455,2026-09-10,OP-002,MC-007,SITE-D,Excavation,Clear,Hard Soil,2026-09-10T08:40:00,2026-09-10T09:31:00,High,Scheduled
TSK-00456,2026-09-10,OP-003,MC-004,SITE-A,Trenching,Rain,Hard Soil,2026-09-10T19:00:00,2026-09-10T20:31:00,Low,Scheduled
TSK-00457,2026-09-10,OP-003,MC-002,SITE-C,Material Loading,High Wind,Muddy,2026-09-10T20:41:00,2026-09-10T21:27:00,High,Scheduled
TSK-00458,2026-09-10,OP-003,MC-008,SITE-C,Trenching,Clear,Soft Soil,2026-09-10T21:47:00,2026-09-10T23:10:00,Low,Scheduled
TSK-00459,2026-09-10,OP-004,MC-007,SITE-B,Excavation,Clear,Muddy,2026-09-10T07:00:00,2026-09-10T09:18:00,Medium,Scheduled
TSK-00460,2026-09-10,OP-005,MC-004,SITE-C,Grading,Clear,Muddy,2026-09-10T19:00:00,2026-09-10T21:07:00,Medium,Scheduled
TSK-00461,2026-09-10,OP-005,MC-005,SITE-A,Grading,Dust Storm,Rocky,2026-09-10T21:17:00,2026-09-10T22:33:00,High,Scheduled
TSK-00462,2026-09-10,OP-005,MC-009,SITE-B,Material Loading,Clear,Hard Soil,2026-09-10T22:43:00,2026-09-10T23:50:00,Medium,Scheduled
TSK-00463,2026-09-10,OP-006,MC-001,SITE-C,Material Loading,Dust Storm,Hard Soil,2026-09-10T07:00:00,2026-09-10T08:27:00,Low,Scheduled
TSK-00464,2026-09-10,OP-006,MC-006,SITE-D,Demolition,Rain,Hard Soil,2026-09-10T08:37:00,2026-09-10T10:48:00,Low,Scheduled
TSK-00465,2026-09-10,OP-006,MC-002,SITE-A,Grading,Clear,Soft Soil,2026-09-10T11:18:00,2026-09-10T13:00:00,Low,Scheduled
TSK-00466,2026-09-10,OP-007,MC-003,SITE-D,Material Loading,Rain,Soft Soil,2026-09-10T19:00:00,2026-09-10T20:46:00,High,Scheduled
TSK-00467,2026-09-10,OP-008,MC-003,SITE-A,Excavation,Clear,Muddy,2026-09-10T07:00:00,2026-09-10T09:13:00,Low,Scheduled
TSK-00468,2026-09-10,OP-008,MC-010,SITE-C,Excavation,Clear,Muddy,2026-09-10T09:23:00,2026-09-10T11:04:00,Low,Scheduled
TSK-00469,2026-09-10,OP-009,MC-010,SITE-D,Trenching,Clear,Muddy,2026-09-10T19:00:00,2026-09-10T20:49:00,Low,Scheduled
TSK-00470,2026-09-10,OP-010,MC-004,SITE-B,Material Loading,Clear,Hard Soil,2026-09-10T07:00:00,2026-09-10T09:08:00,Low,Scheduled
TSK-00471,2026-09-10,OP-010,MC-001,SITE-C,Trenching,Clear,Muddy,2026-09-10T09:23:00,2026-09-10T10:56:00,Low,Scheduled
TSK-00472,2026-09-10,OP-011,MC-003,SITE-D,Grading,Clear,Hard Soil,2026-09-10T19:00:00,2026-09-10T20:24:00,High,Scheduled
TSK-00473,2026-09-10,OP-012,MC-001,SITE-C,Trenching,Clear,Muddy,2026-09-10T07:00:00,2026-09-10T07:45:00,Medium,Scheduled
TSK-00474,2026-09-10,OP-013,MC-004,SITE-C,Grading,Clear,Hard Soil,2026-09-10T19:00:00,2026-09-10T20:37:00,Low,Scheduled
TSK-00475,2026-09-10,OP-013,MC-002,SITE-A,Trenching,Clear,Hard Soil,2026-09-10T21:07:00,2026-09-10T22:25:00,Low,Scheduled
TSK-00476,2026-09-10,OP-014,MC-002,SITE-B,Material Loading,Clear,Soft Soil,2026-09-10T07:00:00,2026-09-10T08:28:00,Low,Scheduled
TSK-00477,2026-09-10,OP-015,MC-001,SITE-B,Grading,Clear,Rocky,2026-09-10T19:00:00,2026-09-10T20:25:00,High,Scheduled
TSK-00478,2026-09-10,OP-015,MC-010,SITE-A,Material Loading,High Wind,Hard Soil,2026-09-10T20:45:00,2026-09-10T21:22:00,High,Scheduled
TSK-00479,2026-09-10,OP-015,MC-001,SITE-D,Demolition,Clear,Muddy,2026-09-10T21:42:00,2026-09-10T22:26:00,Low,Scheduled
TSK-00480,2026-09-11,OP-001,MC-005,SITE-B,Demolition,Clear,Muddy,2026-09-11T19:00:00,2026-09-11T20:48:00,Low,Scheduled
TSK-00481,2026-09-11,OP-002,MC-005,SITE-B,Material Loading,Rain,Rocky,2026-09-11T07:00:00,2026-09-11T08:56:00,Low,Scheduled
TSK-00482,2026-09-11,OP-002,MC-004,SITE-B,Demolition,Rain,Hard Soil,2026-09-11T09:11:00,2026-09-11T11:29:00,Low,Scheduled
TSK-00483,2026-09-11,OP-003,MC-005,SITE-C,Trenching,Clear,Rocky,2026-09-11T19:00:00,2026-09-11T20:40:00,Medium,Scheduled
TSK-00484,2026-09-11,OP-003,MC-007,SITE-B,Grading,Rain,Muddy,2026-09-11T20:50:00,2026-09-11T22:21:00,High,Scheduled
TSK-00485,2026-09-11,OP-004,MC-007,SITE-B,Demolition,Rain,Rocky,2026-09-11T07:00:00,2026-09-11T08:46:00,Low,Scheduled
TSK-00486,2026-09-11,OP-004,MC-001,SITE-D,Material Loading,Rain,Rocky,2026-09-11T09:06:00,2026-09-11T10:42:00,Low,Scheduled
TSK-00487,2026-09-11,OP-004,MC-004,SITE-A,Demolition,Clear,Soft Soil,2026-09-11T10:57:00,2026-09-11T12:49:00,Low,Scheduled
TSK-00488,2026-09-11,OP-005,MC-006,SITE-A,Trenching,Clear,Soft Soil,2026-09-11T19:00:00,2026-09-11T20:28:00,Low,Scheduled
TSK-00489,2026-09-11,OP-005,MC-003,SITE-C,Grading,Rain,Soft Soil,2026-09-11T20:43:00,2026-09-11T22:26:00,High,Scheduled
TSK-00490,2026-09-11,OP-006,MC-001,SITE-A,Material Loading,Clear,Soft Soil,2026-09-11T07:00:00,2026-09-11T08:09:00,Medium,Scheduled
TSK-00491,2026-09-11,OP-006,MC-010,SITE-A,Excavation,Clear,Muddy,2026-09-11T08:39:00,2026-09-11T10:07:00,High,Scheduled
TSK-00492,2026-09-11,OP-007,MC-006,SITE-D,Trenching,Dust Storm,Rocky,2026-09-11T19:00:00,2026-09-11T19:47:00,High,Scheduled
TSK-00493,2026-09-11,OP-007,MC-003,SITE-A,Trenching,Rain,Hard Soil,2026-09-11T20:02:00,2026-09-11T20:53:00,Low,Scheduled
TSK-00494,2026-09-11,OP-007,MC-001,SITE-A,Excavation,Clear,Rocky,2026-09-11T21:23:00,2026-09-11T22:50:00,Medium,Scheduled
TSK-00495,2026-09-11,OP-008,MC-007,SITE-C,Grading,Dust Storm,Hard Soil,2026-09-11T07:00:00,2026-09-11T07:53:00,High,Scheduled
TSK-00496,2026-09-11,OP-009,MC-004,SITE-C,Demolition,High Wind,Muddy,2026-09-11T19:00:00,2026-09-11T19:54:00,High,Scheduled
TSK-00497,2026-09-11,OP-010,MC-005,SITE-B,Demolition,Dust Storm,Hard Soil,2026-09-11T07:00:00,2026-09-11T07:30:00,Low,Scheduled
TSK-00498,2026-09-11,OP-011,MC-008,SITE-B,Grading,Clear,Rocky,2026-09-11T19:00:00,2026-09-11T21:21:00,High,Scheduled
TSK-00499,2026-09-11,OP-012,MC-010,SITE-B,Excavation,Clear,Muddy,2026-09-11T07:00:00,2026-09-11T08:27:00,Low,Scheduled
TSK-00500,2026-09-11,OP-012,MC-002,SITE-C,Excavation,Clear,Rocky,2026-09-11T08:47:00,2026-09-11T10:24:00,High,Scheduled
TSK-00501,2026-09-11,OP-013,MC-010,SITE-A,Excavation,Clear,Rocky,2026-09-11T19:00:00,2026-09-11T19:52:00,Low,Scheduled
TSK-00502,2026-09-11,OP-013,MC-002,SITE-A,Material Loading,Rain,Muddy,2026-09-11T20:07:00,2026-09-11T22:02:00,Medium,Scheduled
TSK-00503,2026-09-11,OP-013,MC-009,SITE-A,Demolition,Clear,Rocky,2026-09-11T22:32:00,2026-09-11T23:56:00,Medium,Scheduled
TSK-00504,2026-09-11,OP-014,MC-007,SITE-D,Excavation,Clear,Muddy,2026-09-11T07:00:00,2026-09-11T08:19:00,Medium,Scheduled
TSK-00505,2026-09-11,OP-014,MC-007,SITE-C,Demolition,Clear,Soft Soil,2026-09-11T08:34:00,2026-09-11T10:20:00,Low,Scheduled
TSK-00506,2026-09-11,OP-015,MC-010,SITE-B,Demolition,Clear,Muddy,2026-09-11T19:00:00,2026-09-11T20:01:00,High,Scheduled
TSK-00507,2026-09-11,OP-015,MC-006,SITE-D,Demolition,Dust Storm,Muddy,2026-09-11T20:31:00,2026-09-11T21:40:00,Medium,Scheduled
TSK-00508,2026-09-12,OP-001,MC-003,SITE-A,Demolition,Clear,Hard Soil,2026-09-12T19:00:00,2026-09-12T20:23:00,Low,Scheduled
TSK-00509,2026-09-12,OP-002,MC-002,SITE-B,Grading,Dust Storm,Hard Soil,2026-09-12T07:00:00,2026-09-12T09:25:00,Low,Scheduled
TSK-00510,2026-09-12,OP-002,MC-003,SITE-A,Trenching,Clear,Hard Soil,2026-09-12T09:40:00,2026-09-12T10:46:00,High,Scheduled
TSK-00511,2026-09-12,OP-002,MC-005,SITE-C,Excavation,Clear,Muddy,2026-09-12T11:16:00,2026-09-12T13:06:00,High,Scheduled
TSK-00512,2026-09-12,OP-003,MC-006,SITE-D,Excavation,Rain,Muddy,2026-09-12T19:00:00,2026-09-12T20:36:00,Low,Scheduled
TSK-00513,2026-09-12,OP-003,MC-004,SITE-B,Grading,Clear,Soft Soil,2026-09-12T20:56:00,2026-09-12T22:32:00,Low,Scheduled
TSK-00514,2026-09-12,OP-004,MC-002,SITE-C,Trenching,Clear,Muddy,2026-09-12T07:00:00,2026-09-12T08:32:00,High,Scheduled
TSK-00515,2026-09-12,OP-005,MC-006,SITE-B,Material Loading,Clear,Muddy,2026-09-12T19:00:00,2026-09-12T20:37:00,Low,Scheduled
TSK-00516,2026-09-12,OP-005,MC-001,SITE-C,Grading,Clear,Muddy,2026-09-12T20:47:00,2026-09-12T22:09:00,Medium,Scheduled
TSK-00517,2026-09-12,OP-005,MC-008,SITE-A,Material Loading,Dust Storm,Rocky,2026-09-12T22:39:00,2026-09-13T00:28:00,Medium,Scheduled
TSK-00518,2026-09-12,OP-006,MC-007,SITE-A,Grading,Clear,Muddy,2026-09-12T07:00:00,2026-09-12T07:48:00,Medium,Scheduled
TSK-00519,2026-09-12,OP-006,MC-010,SITE-D,Demolition,Rain,Hard Soil,2026-09-12T08:18:00,2026-09-12T09:41:00,Medium,Scheduled
TSK-00520,2026-09-12,OP-007,MC-010,SITE-D,Demolition,Dust Storm,Soft Soil,2026-09-12T19:00:00,2026-09-12T20:01:00,High,Scheduled
TSK-00521,2026-09-12,OP-008,MC-001,SITE-C,Demolition,Clear,Soft Soil,2026-09-12T07:00:00,2026-09-12T09:22:00,Low,Scheduled
TSK-00522,2026-09-12,OP-009,MC-004,SITE-A,Grading,Clear,Soft Soil,2026-09-12T19:00:00,2026-09-12T20:36:00,Medium,Scheduled
TSK-00523,2026-09-12,OP-010,MC-009,SITE-C,Trenching,Clear,Soft Soil,2026-09-12T07:00:00,2026-09-12T08:37:00,High,Scheduled
TSK-00524,2026-09-12,OP-011,MC-004,SITE-C,Trenching,Clear,Hard Soil,2026-09-12T19:00:00,2026-09-12T21:07:00,Medium,Scheduled
TSK-00525,2026-09-12,OP-012,MC-001,SITE-B,Material Loading,Rain,Soft Soil,2026-09-12T07:00:00,2026-09-12T08:04:00,Medium,Scheduled
TSK-00526,2026-09-12,OP-012,MC-006,SITE-D,Excavation,Clear,Hard Soil,2026-09-12T08:24:00,2026-09-12T09:20:00,Low,Scheduled
TSK-00527,2026-09-12,OP-013,MC-007,SITE-C,Trenching,Clear,Soft Soil,2026-09-12T19:00:00,2026-09-12T21:42:00,Medium,Scheduled
TSK-00528,2026-09-12,OP-014,MC-001,SITE-A,Grading,Clear,Rocky,2026-09-12T07:00:00,2026-09-12T08:50:00,High,Scheduled
TSK-00529,2026-09-12,OP-015,MC-001,SITE-D,Material Loading,Clear,Hard Soil,2026-09-12T19:00:00,2026-09-12T20:53:00,Medium,Scheduled
TSK-00530,2026-09-12,OP-015,MC-002,SITE-D,Demolition,Clear,Rocky,2026-09-12T21:23:00,2026-09-12T23:05:00,High,Scheduled
TSK-00531,2026-09-13,OP-001,MC-009,SITE-A,Trenching,Clear,Rocky,2026-09-13T19:00:00,2026-09-13T20:06:00,High,Scheduled
TSK-00532,2026-09-13,OP-001,MC-003,SITE-C,Material Loading,Rain,Rocky,2026-09-13T20:26:00,2026-09-13T22:33:00,Low,Scheduled
TSK-00533,2026-09-13,OP-002,MC-004,SITE-A,Demolition,Clear,Rocky,2026-09-13T07:00:00,2026-09-13T08:28:00,High,Scheduled
TSK-00534,2026-09-13,OP-003,MC-004,SITE-D,Material Loading,Clear,Muddy,2026-09-13T19:00:00,2026-09-13T20:29:00,Medium,Scheduled
TSK-00535,2026-09-13,OP-004,MC-005,SITE-B,Material Loading,Rain,Hard Soil,2026-09-13T07:00:00,2026-09-13T08:14:00,High,Scheduled
TSK-00536,2026-09-13,OP-004,MC-002,SITE-C,Demolition,Clear,Hard Soil,2026-09-13T08:24:00,2026-09-13T10:15:00,High,Scheduled
TSK-00537,2026-09-13,OP-004,MC-006,SITE-C,Excavation,Clear,Rocky,2026-09-13T10:45:00,2026-09-13T11:15:00,High,Scheduled
TSK-00538,2026-09-13,OP-005,MC-009,SITE-A,Grading,Clear,Rocky,2026-09-13T19:00:00,2026-09-13T20:25:00,Medium,Scheduled
TSK-00539,2026-09-13,OP-006,MC-005,SITE-C,Demolition,Clear,Soft Soil,2026-09-13T07:00:00,2026-09-13T08:09:00,Medium,Scheduled
TSK-00540,2026-09-13,OP-006,MC-004,SITE-A,Trenching,Dust Storm,Soft Soil,2026-09-13T08:29:00,2026-09-13T10:05:00,High,Scheduled
TSK-00541,2026-09-13,OP-007,MC-004,SITE-D,Excavation,Dust Storm,Hard Soil,2026-09-13T19:00:00,2026-09-13T20:50:00,Low,Scheduled
TSK-00542,2026-09-13,OP-007,MC-001,SITE-C,Trenching,High Wind,Muddy,2026-09-13T21:10:00,2026-09-13T22:33:00,Low,Scheduled
TSK-00543,2026-09-13,OP-007,MC-005,SITE-B,Excavation,Clear,Hard Soil,2026-09-13T22:48:00,2026-09-14T00:52:00,Medium,Scheduled
TSK-00544,2026-09-13,OP-008,MC-005,SITE-D,Material Loading,Clear,Hard Soil,2026-09-13T07:00:00,2026-09-13T07:58:00,High,Scheduled
TSK-00545,2026-09-13,OP-009,MC-007,SITE-A,Grading,Rain,Muddy,2026-09-13T19:00:00,2026-09-13T21:05:00,Medium,Scheduled
TSK-00546,2026-09-13,OP-010,MC-004,SITE-D,Excavation,Clear,Hard Soil,2026-09-13T07:00:00,2026-09-13T08:24:00,High,Scheduled
TSK-00547,2026-09-13,OP-010,MC-005,SITE-A,Material Loading,Rain,Hard Soil,2026-09-13T08:54:00,2026-09-13T09:43:00,Low,Scheduled
TSK-00548,2026-09-13,OP-010,MC-003,SITE-B,Grading,Rain,Rocky,2026-09-13T10:03:00,2026-09-13T10:40:00,Medium,Scheduled
TSK-00549,2026-09-13,OP-011,MC-003,SITE-D,Demolition,Clear,Hard Soil,2026-09-13T19:00:00,2026-09-13T21:29:00,Low,Scheduled
TSK-00550,2026-09-13,OP-012,MC-005,SITE-C,Trenching,Rain,Rocky,2026-09-13T07:00:00,2026-09-13T08:44:00,Medium,Scheduled
TSK-00551,2026-09-13,OP-013,MC-004,SITE-D,Material Loading,Rain,Hard Soil,2026-09-13T19:00:00,2026-09-13T20:19:00,Medium,Scheduled
TSK-00552,2026-09-13,OP-014,MC-009,SITE-B,Grading,Clear,Soft Soil,2026-09-13T07:00:00,2026-09-13T08:31:00,High,Scheduled
TSK-00553,2026-09-13,OP-015,MC-003,SITE-C,Excavation,Clear,Rocky,2026-09-13T19:00:00,2026-09-13T20:43:00,High,Scheduled
TSK-00554,2026-09-14,OP-001,MC-003,SITE-A,Excavation,Clear,Soft Soil,2026-09-14T19:00:00,2026-09-14T19:46:00,Medium,Scheduled
TSK-00555,2026-09-14,OP-002,MC-002,SITE-A,Demolition,Clear,Hard Soil,2026-09-14T07:00:00,2026-09-14T08:55:00,Low,Scheduled
TSK-00556,2026-09-14,OP-002,MC-006,SITE-C,Trenching,Rain,Rocky,2026-09-14T09:25:00,2026-09-14T10:57:00,High,Scheduled
TSK-00557,2026-09-14,OP-002,MC-008,SITE-D,Excavation,Clear,Soft Soil,2026-09-14T11:07:00,2026-09-14T13:02:00,Medium,Scheduled
TSK-00558,2026-09-14,OP-003,MC-001,SITE-D,Grading,Rain,Rocky,2026-09-14T19:00:00,2026-09-14T20:20:00,High,Scheduled
TSK-00559,2026-09-14,OP-004,MC-002,SITE-D,Material Loading,Clear,Muddy,2026-09-14T07:00:00,2026-09-14T08:48:00,Low,Scheduled
TSK-00560,2026-09-14,OP-005,MC-007,SITE-B,Excavation,Clear,Soft Soil,2026-09-14T19:00:00,2026-09-14T20:04:00,Low,Scheduled
TSK-00561,2026-09-14,OP-005,MC-006,SITE-B,Excavation,Rain,Soft Soil,2026-09-14T20:24:00,2026-09-14T21:56:00,High,Scheduled
TSK-00562,2026-09-14,OP-005,MC-004,SITE-C,Grading,Clear,Rocky,2026-09-14T22:26:00,2026-09-14T23:16:00,Medium,Scheduled
TSK-00563,2026-09-14,OP-006,MC-007,SITE-A,Grading,Dust Storm,Rocky,2026-09-14T07:00:00,2026-09-14T09:22:00,Medium,Scheduled
TSK-00564,2026-09-14,OP-006,MC-008,SITE-D,Excavation,Clear,Soft Soil,2026-09-14T09:32:00,2026-09-14T10:33:00,Low,Scheduled
TSK-00565,2026-09-14,OP-006,MC-005,SITE-B,Material Loading,Clear,Muddy,2026-09-14T10:53:00,2026-09-14T12:02:00,High,Scheduled
TSK-00566,2026-09-14,OP-007,MC-001,SITE-C,Material Loading,Clear,Muddy,2026-09-14T19:00:00,2026-09-14T20:50:00,Medium,Scheduled
TSK-00567,2026-09-14,OP-007,MC-003,SITE-C,Trenching,Rain,Muddy,2026-09-14T21:00:00,2026-09-14T22:28:00,Medium,Scheduled
TSK-00568,2026-09-14,OP-008,MC-005,SITE-B,Excavation,High Wind,Hard Soil,2026-09-14T07:00:00,2026-09-14T08:53:00,Low,Scheduled
TSK-00569,2026-09-14,OP-009,MC-003,SITE-D,Grading,Rain,Rocky,2026-09-14T19:00:00,2026-09-14T20:28:00,High,Scheduled
TSK-00570,2026-09-14,OP-009,MC-005,SITE-B,Trenching,High Wind,Soft Soil,2026-09-14T20:58:00,2026-09-14T23:03:00,Medium,Scheduled
TSK-00571,2026-09-14,OP-009,MC-001,SITE-A,Excavation,Clear,Rocky,2026-09-14T23:13:00,2026-09-15T00:58:00,Low,Scheduled
TSK-00572,2026-09-14,OP-010,MC-001,SITE-A,Trenching,Rain,Hard Soil,2026-09-14T07:00:00,2026-09-14T08:56:00,Medium,Scheduled
TSK-00573,2026-09-14,OP-011,MC-007,SITE-B,Demolition,Dust Storm,Soft Soil,2026-09-14T19:00:00,2026-09-14T20:51:00,Low,Scheduled
TSK-00574,2026-09-14,OP-011,MC-009,SITE-D,Trenching,Dust Storm,Soft Soil,2026-09-14T21:21:00,2026-09-14T22:46:00,Medium,Scheduled
TSK-00575,2026-09-14,OP-012,MC-009,SITE-C,Material Loading,Clear,Hard Soil,2026-09-14T07:00:00,2026-09-14T07:58:00,High,Scheduled
TSK-00576,2026-09-14,OP-012,MC-005,SITE-D,Grading,Clear,Muddy,2026-09-14T08:13:00,2026-09-14T10:29:00,High,Scheduled
TSK-00577,2026-09-14,OP-013,MC-006,SITE-D,Trenching,Clear,Muddy,2026-09-14T19:00:00,2026-09-14T20:10:00,High,Scheduled
TSK-00578,2026-09-14,OP-013,MC-002,SITE-A,Trenching,Clear,Soft Soil,2026-09-14T20:20:00,2026-09-14T21:52:00,Low,Scheduled
TSK-00579,2026-09-14,OP-013,MC-009,SITE-B,Trenching,High Wind,Rocky,2026-09-14T22:02:00,2026-09-14T23:06:00,Low,Scheduled
TSK-00580,2026-09-14,OP-014,MC-010,SITE-C,Demolition,Rain,Muddy,2026-09-14T07:00:00,2026-09-14T07:31:00,High,Scheduled
TSK-00581,2026-09-14,OP-015,MC-003,SITE-A,Excavation,Rain,Hard Soil,2026-09-14T19:00:00,2026-09-14T20:18:00,Low,Scheduled
TSK-00582,2026-09-14,OP-015,MC-007,SITE-C,Material Loading,Clear,Rocky,2026-09-14T20:48:00,2026-09-14T22:33:00,High,Scheduled
TSK-00583,2026-09-15,OP-001,MC-008,SITE-B,Trenching,Clear,Muddy,2026-09-15T19:00:00,2026-09-15T20:40:00,Low,Scheduled
TSK-00584,2026-09-15,OP-002,MC-007,SITE-B,Excavation,High Wind,Muddy,2026-09-15T07:00:00,2026-09-15T08:38:00,Low,Scheduled
TSK-00585,2026-09-15,OP-002,MC-006,SITE-B,Material Loading,Clear,Muddy,2026-09-15T08:53:00,2026-09-15T09:37:00,Low,Scheduled
TSK-00586,2026-09-15,OP-003,MC-002,SITE-D,Demolition,High Wind,Hard Soil,2026-09-15T19:00:00,2026-09-15T20:49:00,Medium,Scheduled
TSK-00587,2026-09-15,OP-004,MC-007,SITE-D,Demolition,Clear,Hard Soil,2026-09-15T07:00:00,2026-09-15T07:51:00,High,Scheduled
TSK-00588,2026-09-15,OP-005,MC-006,SITE-A,Trenching,Rain,Rocky,2026-09-15T19:00:00,2026-09-15T20:47:00,High,Scheduled
TSK-00589,2026-09-15,OP-006,MC-002,SITE-B,Material Loading,Clear,Rocky,2026-09-15T07:00:00,2026-09-15T08:02:00,Medium,Scheduled
TSK-00590,2026-09-15,OP-006,MC-002,SITE-B,Grading,Clear,Rocky,2026-09-15T08:32:00,2026-09-15T09:02:00,High,Scheduled
TSK-00591,2026-09-15,OP-006,MC-010,SITE-B,Grading,Clear,Rocky,2026-09-15T09:32:00,2026-09-15T10:26:00,High,Scheduled
TSK-00592,2026-09-15,OP-007,MC-007,SITE-B,Demolition,Clear,Rocky,2026-09-15T19:00:00,2026-09-15T20:29:00,High,Scheduled
TSK-00593,2026-09-15,OP-007,MC-007,SITE-C,Demolition,Clear,Muddy,2026-09-15T20:44:00,2026-09-15T21:52:00,High,Scheduled
TSK-00594,2026-09-15,OP-008,MC-010,SITE-A,Demolition,Clear,Muddy,2026-09-15T07:00:00,2026-09-15T08:21:00,Low,Scheduled
TSK-00595,2026-09-15,OP-008,MC-006,SITE-A,Grading,Clear,Hard Soil,2026-09-15T08:51:00,2026-09-15T10:10:00,Medium,Scheduled
TSK-00596,2026-09-15,OP-009,MC-007,SITE-A,Material Loading,Clear,Soft Soil,2026-09-15T19:00:00,2026-09-15T21:34:00,Medium,Scheduled
TSK-00597,2026-09-15,OP-009,MC-007,SITE-A,Demolition,Dust Storm,Hard Soil,2026-09-15T21:49:00,2026-09-15T23:54:00,High,Scheduled
TSK-00598,2026-09-15,OP-010,MC-010,SITE-C,Excavation,High Wind,Muddy,2026-09-15T07:00:00,2026-09-15T09:11:00,Medium,Scheduled
TSK-00599,2026-09-15,OP-010,MC-008,SITE-A,Excavation,Rain,Hard Soil,2026-09-15T09:26:00,2026-09-15T10:09:00,High,Scheduled
TSK-00600,2026-09-15,OP-010,MC-006,SITE-B,Material Loading,Rain,Hard Soil,2026-09-15T10:29:00,2026-09-15T12:12:00,High,Scheduled
TSK-00601,2026-09-15,OP-011,MC-007,SITE-D,Grading,High Wind,Soft Soil,2026-09-15T19:00:00,2026-09-15T19:30:00,Low,Scheduled
TSK-00602,2026-09-15,OP-012,MC-008,SITE-D,Excavation,Clear,Rocky,2026-09-15T07:00:00,2026-09-15T09:05:00,Low,Scheduled
TSK-00603,2026-09-15,OP-013,MC-001,SITE-A,Material Loading,Clear,Hard Soil,2026-09-15T19:00:00,2026-09-15T19:41:00,Low,Scheduled
TSK-00604,2026-09-15,OP-014,MC-010,SITE-A,Demolition,Dust Storm,Rocky,2026-09-15T07:00:00,2026-09-15T08:39:00,Medium,Scheduled
TSK-00605,2026-09-15,OP-015,MC-010,SITE-C,Demolition,Clear,Hard Soil,2026-09-15T19:00:00,2026-09-15T21:06:00,High,Scheduled
TSK-00606,2026-09-15,OP-015,MC-002,SITE-B,Trenching,Clear,Muddy,2026-09-15T21:16:00,2026-09-15T22:33:00,Low,Scheduled
TSK-00607,2026-09-16,OP-001,MC-001,SITE-B,Material Loading,Clear,Rocky,2026-09-16T19:00:00,2026-09-16T20:29:00,Low,Scheduled
TSK-00608,2026-09-16,OP-001,MC-004,SITE-A,Excavation,Rain,Muddy,2026-09-16T20:44:00,2026-09-16T21:24:00,Low,Scheduled
TSK-00609,2026-09-16,OP-002,MC-010,SITE-C,Trenching,High Wind,Soft Soil,2026-09-16T07:00:00,2026-09-16T09:12:00,Medium,Scheduled
TSK-00610,2026-09-16,OP-003,MC-006,SITE-A,Demolition,Dust Storm,Rocky,2026-09-16T19:00:00,2026-09-16T20:48:00,High,Scheduled
TSK-00611,2026-09-16,OP-003,MC-007,SITE-D,Excavation,Clear,Hard Soil,2026-09-16T21:08:00,2026-09-16T22:53:00,Medium,Scheduled
TSK-00612,2026-09-16,OP-004,MC-003,SITE-B,Demolition,Clear,Soft Soil,2026-09-16T07:00:00,2026-09-16T08:31:00,Low,Scheduled
TSK-00613,2026-09-16,OP-005,MC-010,SITE-A,Grading,Clear,Muddy,2026-09-16T19:00:00,2026-09-16T19:58:00,High,Scheduled
TSK-00614,2026-09-16,OP-006,MC-006,SITE-A,Trenching,Rain,Soft Soil,2026-09-16T07:00:00,2026-09-16T08:33:00,Low,Scheduled
TSK-00615,2026-09-16,OP-007,MC-004,SITE-B,Material Loading,Clear,Hard Soil,2026-09-16T19:00:00,2026-09-16T20:45:00,Medium,Scheduled
TSK-00616,2026-09-16,OP-008,MC-001,SITE-D,Trenching,Clear,Soft Soil,2026-09-16T07:00:00,2026-09-16T08:24:00,Medium,Scheduled
TSK-00617,2026-09-16,OP-008,MC-001,SITE-A,Demolition,Clear,Soft Soil,2026-09-16T08:54:00,2026-09-16T10:13:00,High,Scheduled
TSK-00618,2026-09-16,OP-008,MC-004,SITE-C,Demolition,Clear,Rocky,2026-09-16T10:23:00,2026-09-16T11:34:00,High,Scheduled
TSK-00619,2026-09-16,OP-009,MC-006,SITE-D,Trenching,Clear,Soft Soil,2026-09-16T19:00:00,2026-09-16T20:54:00,Medium,Scheduled
TSK-00620,2026-09-16,OP-010,MC-001,SITE-B,Trenching,Rain,Rocky,2026-09-16T07:00:00,2026-09-16T08:01:00,High,Scheduled
TSK-00621,2026-09-16,OP-011,MC-010,SITE-C,Excavation,Clear,Hard Soil,2026-09-16T19:00:00,2026-09-16T21:18:00,Low,Scheduled
TSK-00622,2026-09-16,OP-012,MC-010,SITE-D,Demolition,Clear,Soft Soil,2026-09-16T07:00:00,2026-09-16T09:04:00,Medium,Scheduled
TSK-00623,2026-09-16,OP-013,MC-010,SITE-B,Trenching,High Wind,Hard Soil,2026-09-16T19:00:00,2026-09-16T19:38:00,Low,Scheduled
TSK-00624,2026-09-16,OP-014,MC-005,SITE-C,Grading,Clear,Soft Soil,2026-09-16T07:00:00,2026-09-16T08:48:00,High,Scheduled
TSK-00625,2026-09-16,OP-015,MC-004,SITE-C,Excavation,Clear,Hard Soil,2026-09-16T19:00:00,2026-09-16T21:23:00,High,Scheduled
TSK-00626,2026-09-16,OP-015,MC-003,SITE-C,Material Loading,Clear,Hard Soil,2026-09-16T21:33:00,2026-09-16T22:07:00,Low,Scheduled
TSK-00627,2026-09-16,OP-015,MC-008,SITE-A,Grading,Clear,Muddy,2026-09-16T22:37:00,2026-09-17T00:06:00,Medium,Scheduled
TSK-00628,2026-09-17,OP-001,MC-007,SITE-C,Material Loading,High Wind,Hard Soil,2026-09-17T19:00:00,2026-09-17T20:58:00,Low,Scheduled
TSK-00629,2026-09-17,OP-001,MC-008,SITE-B,Grading,Rain,Muddy,2026-09-17T21:13:00,2026-09-17T22:44:00,Medium,Scheduled
TSK-00630,2026-09-17,OP-002,MC-005,SITE-C,Trenching,Clear,Rocky,2026-09-17T07:00:00,2026-09-17T08:12:00,Medium,Scheduled
TSK-00631,2026-09-17,OP-002,MC-003,SITE-A,Grading,Rain,Soft Soil,2026-09-17T08:27:00,2026-09-17T09:33:00,Medium,Scheduled
TSK-00632,2026-09-17,OP-003,MC-009,SITE-C,Excavation,Rain,Soft Soil,2026-09-17T19:00:00,2026-09-17T20:09:00,High,Scheduled
TSK-00633,2026-09-17,OP-004,MC-003,SITE-B,Excavation,Clear,Muddy,2026-09-17T07:00:00,2026-09-17T08:02:00,High,Scheduled
TSK-00634,2026-09-17,OP-005,MC-002,SITE-D,Grading,Dust Storm,Rocky,2026-09-17T19:00:00,2026-09-17T21:01:00,Low,Scheduled
TSK-00635,2026-09-17,OP-006,MC-009,SITE-D,Material Loading,Clear,Hard Soil,2026-09-17T07:00:00,2026-09-17T08:46:00,High,Scheduled
TSK-00636,2026-09-17,OP-006,MC-007,SITE-B,Trenching,Clear,Hard Soil,2026-09-17T08:56:00,2026-09-17T10:26:00,High,Scheduled
TSK-00637,2026-09-17,OP-006,MC-009,SITE-C,Excavation,Clear,Muddy,2026-09-17T10:41:00,2026-09-17T12:45:00,Low,Scheduled
TSK-00638,2026-09-17,OP-007,MC-008,SITE-C,Grading,Clear,Hard Soil,2026-09-17T19:00:00,2026-09-17T20:24:00,High,Scheduled
TSK-00639,2026-09-17,OP-008,MC-003,SITE-D,Trenching,Dust Storm,Soft Soil,2026-09-17T07:00:00,2026-09-17T08:24:00,High,Scheduled
TSK-00640,2026-09-17,OP-008,MC-001,SITE-A,Demolition,Rain,Rocky,2026-09-17T08:54:00,2026-09-17T10:55:00,High,Scheduled
TSK-00641,2026-09-17,OP-009,MC-002,SITE-D,Trenching,Clear,Soft Soil,2026-09-17T19:00:00,2026-09-17T19:47:00,High,Scheduled
TSK-00642,2026-09-17,OP-009,MC-008,SITE-D,Grading,Clear,Rocky,2026-09-17T20:02:00,2026-09-17T21:17:00,Medium,Scheduled
TSK-00643,2026-09-17,OP-010,MC-005,SITE-A,Demolition,Dust Storm,Muddy,2026-09-17T07:00:00,2026-09-17T08:24:00,Low,Scheduled
TSK-00644,2026-09-17,OP-010,MC-008,SITE-A,Demolition,Rain,Hard Soil,2026-09-17T08:54:00,2026-09-17T10:12:00,Low,Scheduled
TSK-00645,2026-09-17,OP-010,MC-010,SITE-B,Material Loading,Rain,Soft Soil,2026-09-17T10:27:00,2026-09-17T11:52:00,High,Scheduled
TSK-00646,2026-09-17,OP-011,MC-001,SITE-C,Excavation,Clear,Muddy,2026-09-17T19:00:00,2026-09-17T20:58:00,Medium,Scheduled
TSK-00647,2026-09-17,OP-012,MC-002,SITE-D,Excavation,Clear,Hard Soil,2026-09-17T07:00:00,2026-09-17T08:08:00,High,Scheduled
TSK-00648,2026-09-17,OP-013,MC-005,SITE-A,Demolition,Clear,Hard Soil,2026-09-17T19:00:00,2026-09-17T19:56:00,Medium,Scheduled
TSK-00649,2026-09-17,OP-014,MC-007,SITE-A,Material Loading,High Wind,Hard Soil,2026-09-17T07:00:00,2026-09-17T08:18:00,Medium,Scheduled
TSK-00650,2026-09-17,OP-015,MC-007,SITE-B,Grading,Dust Storm,Hard Soil,2026-09-17T19:00:00,2026-09-17T20:44:00,High,Scheduled
TSK-00651,2026-09-17,OP-015,MC-010,SITE-C,Grading,Rain,Rocky,2026-09-17T21:14:00,2026-09-17T23:12:00,Medium,Scheduled
TSK-00652,2026-09-17,OP-015,MC-008,SITE-B,Trenching,Clear,Soft Soil,2026-09-17T23:27:00,2026-09-18T00:58:00,Low,Scheduled
TSK-00653,2026-09-18,OP-001,MC-008,SITE-B,Demolition,Clear,Muddy,2026-09-18T19:00:00,2026-09-18T20:40:00,High,Scheduled
TSK-00654,2026-09-18,OP-002,MC-004,SITE-A,Trenching,Rain,Soft Soil,2026-09-18T07:00:00,2026-09-18T08:36:00,High,Scheduled
TSK-00655,2026-09-18,OP-003,MC-009,SITE-C,Excavation,Rain,Muddy,2026-09-18T19:00:00,2026-09-18T20:13:00,Low,Scheduled
TSK-00656,2026-09-18,OP-003,MC-005,SITE-D,Material Loading,Clear,Soft Soil,2026-09-18T20:43:00,2026-09-18T21:47:00,Medium,Scheduled
TSK-00657,2026-09-18,OP-003,MC-002,SITE-C,Trenching,Rain,Soft Soil,2026-09-18T22:17:00,2026-09-19T00:19:00,Medium,Scheduled
TSK-00658,2026-09-18,OP-004,MC-007,SITE-B,Excavation,Rain,Soft Soil,2026-09-18T07:00:00,2026-09-18T08:46:00,High,Scheduled
TSK-00659,2026-09-18,OP-004,MC-003,SITE-A,Trenching,Rain,Rocky,2026-09-18T09:06:00,2026-09-18T10:57:00,Medium,Scheduled
TSK-00660,2026-09-18,OP-004,MC-010,SITE-A,Grading,Clear,Rocky,2026-09-18T11:07:00,2026-09-18T13:00:00,Medium,Scheduled
TSK-00661,2026-09-18,OP-005,MC-009,SITE-C,Trenching,Rain,Muddy,2026-09-18T19:00:00,2026-09-18T19:47:00,High,Scheduled
TSK-00662,2026-09-18,OP-005,MC-009,SITE-B,Material Loading,Clear,Muddy,2026-09-18T20:07:00,2026-09-18T21:45:00,Medium,Scheduled
TSK-00663,2026-09-18,OP-005,MC-003,SITE-C,Trenching,Rain,Soft Soil,2026-09-18T22:15:00,2026-09-18T23:44:00,High,Scheduled
TSK-00664,2026-09-18,OP-006,MC-010,SITE-B,Excavation,Clear,Muddy,2026-09-18T07:00:00,2026-09-18T08:39:00,Medium,Scheduled
TSK-00665,2026-09-18,OP-007,MC-007,SITE-D,Excavation,Dust Storm,Hard Soil,2026-09-18T19:00:00,2026-09-18T20:26:00,Medium,Scheduled
TSK-00666,2026-09-18,OP-008,MC-009,SITE-A,Material Loading,Clear,Soft Soil,2026-09-18T07:00:00,2026-09-18T08:41:00,High,Scheduled
TSK-00667,2026-09-18,OP-008,MC-004,SITE-D,Trenching,Rain,Rocky,2026-09-18T08:51:00,2026-09-18T10:19:00,High,Scheduled
TSK-00668,2026-09-18,OP-008,MC-002,SITE-B,Trenching,Clear,Hard Soil,2026-09-18T10:29:00,2026-09-18T11:56:00,High,Scheduled
TSK-00669,2026-09-18,OP-009,MC-001,SITE-A,Demolition,Clear,Hard Soil,2026-09-18T19:00:00,2026-09-18T19:51:00,High,Scheduled
TSK-00670,2026-09-18,OP-009,MC-008,SITE-A,Material Loading,Clear,Soft Soil,2026-09-18T20:06:00,2026-09-18T21:16:00,Low,Scheduled
TSK-00671,2026-09-18,OP-010,MC-007,SITE-D,Material Loading,Rain,Muddy,2026-09-18T07:00:00,2026-09-18T08:03:00,High,Scheduled
TSK-00672,2026-09-18,OP-011,MC-003,SITE-A,Excavation,Clear,Rocky,2026-09-18T19:00:00,2026-09-18T20:22:00,Medium,Scheduled
TSK-00673,2026-09-18,OP-012,MC-007,SITE-B,Trenching,High Wind,Soft Soil,2026-09-18T07:00:00,2026-09-18T08:01:00,Medium,Scheduled
TSK-00674,2026-09-18,OP-012,MC-002,SITE-D,Demolition,Clear,Soft Soil,2026-09-18T08:16:00,2026-09-18T10:24:00,High,Scheduled
TSK-00675,2026-09-18,OP-013,MC-008,SITE-A,Demolition,High Wind,Rocky,2026-09-18T19:00:00,2026-09-18T20:30:00,High,Scheduled
TSK-00676,2026-09-18,OP-013,MC-006,SITE-D,Demolition,Clear,Hard Soil,2026-09-18T20:50:00,2026-09-18T23:16:00,Medium,Scheduled
TSK-00677,2026-09-18,OP-014,MC-003,SITE-A,Trenching,Clear,Soft Soil,2026-09-18T07:00:00,2026-09-18T08:50:00,Medium,Scheduled
TSK-00678,2026-09-18,OP-014,MC-005,SITE-B,Material Loading,Clear,Rocky,2026-09-18T09:20:00,2026-09-18T11:22:00,High,Scheduled
TSK-00679,2026-09-18,OP-014,MC-005,SITE-C,Grading,Clear,Muddy,2026-09-18T11:37:00,2026-09-18T12:53:00,High,Scheduled
TSK-00680,2026-09-18,OP-015,MC-008,SITE-B,Trenching,Clear,Hard Soil,2026-09-18T19:00:00,2026-09-18T19:48:00,High,Scheduled
TSK-00681,2026-09-18,OP-015,MC-002,SITE-B,Grading,Clear,Hard Soil,2026-09-18T19:58:00,2026-09-18T21:45:00,Low,Scheduled
TSK-00682,2026-09-19,OP-001,MC-010,SITE-B,Grading,Clear,Hard Soil,2026-09-19T19:00:00,2026-09-19T21:26:00,High,Scheduled
TSK-00683,2026-09-19,OP-002,MC-003,SITE-A,Excavation,High Wind,Muddy,2026-09-19T07:00:00,2026-09-19T09:18:00,High,Scheduled
TSK-00684,2026-09-19,OP-002,MC-003,SITE-A,Trenching,Clear,Rocky,2026-09-19T09:33:00,2026-09-19T12:23:00,Medium,Scheduled
TSK-00685,2026-09-19,OP-003,MC-008,SITE-B,Demolition,Clear,Hard Soil,2026-09-19T19:00:00,2026-09-19T20:31:00,High,Scheduled
TSK-00686,2026-09-19,OP-003,MC-006,SITE-A,Demolition,Rain,Muddy,2026-09-19T21:01:00,2026-09-19T23:16:00,High,Scheduled
TSK-00687,2026-09-19,OP-004,MC-004,SITE-D,Grading,Clear,Soft Soil,2026-09-19T07:00:00,2026-09-19T08:41:00,High,Scheduled
TSK-00688,2026-09-19,OP-005,MC-003,SITE-A,Excavation,Rain,Muddy,2026-09-19T19:00:00,2026-09-19T20:13:00,High,Scheduled
TSK-00689,2026-09-19,OP-005,MC-009,SITE-C,Material Loading,Rain,Rocky,2026-09-19T20:33:00,2026-09-19T21:59:00,Low,Scheduled
TSK-00690,2026-09-19,OP-005,MC-009,SITE-B,Material Loading,Clear,Rocky,2026-09-19T22:09:00,2026-09-19T23:36:00,Medium,Scheduled
TSK-00691,2026-09-19,OP-006,MC-003,SITE-D,Grading,Clear,Rocky,2026-09-19T07:00:00,2026-09-19T08:46:00,Medium,Scheduled
TSK-00692,2026-09-19,OP-007,MC-010,SITE-D,Grading,Clear,Hard Soil,2026-09-19T19:00:00,2026-09-19T20:42:00,Low,Scheduled
TSK-00693,2026-09-19,OP-007,MC-001,SITE-B,Demolition,Clear,Muddy,2026-09-19T21:02:00,2026-09-19T22:12:00,Low,Scheduled
TSK-00694,2026-09-19,OP-007,MC-001,SITE-B,Trenching,Dust Storm,Hard Soil,2026-09-19T22:32:00,2026-09-19T23:31:00,Medium,Scheduled
TSK-00695,2026-09-19,OP-008,MC-002,SITE-C,Trenching,Clear,Soft Soil,2026-09-19T07:00:00,2026-09-19T08:12:00,Medium,Scheduled
TSK-00696,2026-09-19,OP-008,MC-008,SITE-B,Excavation,Clear,Rocky,2026-09-19T08:27:00,2026-09-19T09:39:00,Medium,Scheduled
TSK-00697,2026-09-19,OP-008,MC-009,SITE-D,Material Loading,Clear,Rocky,2026-09-19T09:49:00,2026-09-19T11:00:00,High,Scheduled
TSK-00698,2026-09-19,OP-009,MC-001,SITE-A,Trenching,Clear,Hard Soil,2026-09-19T19:00:00,2026-09-19T20:18:00,High,Scheduled
TSK-00699,2026-09-19,OP-009,MC-006,SITE-C,Material Loading,Clear,Muddy,2026-09-19T20:38:00,2026-09-19T21:46:00,High,Scheduled
TSK-00700,2026-09-19,OP-010,MC-008,SITE-D,Demolition,Clear,Hard Soil,2026-09-19T07:00:00,2026-09-19T08:45:00,Low,Scheduled
TSK-00701,2026-09-19,OP-010,MC-005,SITE-D,Demolition,Clear,Soft Soil,2026-09-19T08:55:00,2026-09-19T11:08:00,Low,Scheduled
TSK-00702,2026-09-19,OP-010,MC-003,SITE-C,Grading,Clear,Rocky,2026-09-19T11:28:00,2026-09-19T13:55:00,High,Scheduled
TSK-00703,2026-09-19,OP-011,MC-003,SITE-C,Trenching,Rain,Rocky,2026-09-19T19:00:00,2026-09-19T20:06:00,High,Scheduled
TSK-00704,2026-09-19,OP-011,MC-005,SITE-D,Grading,Clear,Soft Soil,2026-09-19T20:36:00,2026-09-19T22:05:00,Low,Scheduled
TSK-00705,2026-09-19,OP-012,MC-005,SITE-A,Grading,Clear,Soft Soil,2026-09-19T07:00:00,2026-09-19T08:13:00,Low,Scheduled
TSK-00706,2026-09-19,OP-013,MC-009,SITE-A,Excavation,Rain,Soft Soil,2026-09-19T19:00:00,2026-09-19T19:30:00,Low,Scheduled
TSK-00707,2026-09-19,OP-014,MC-005,SITE-A,Trenching,Clear,Hard Soil,2026-09-19T07:00:00,2026-09-19T08:11:00,High,Scheduled
TSK-00708,2026-09-19,OP-014,MC-008,SITE-D,Grading,Clear,Hard Soil,2026-09-19T08:26:00,2026-09-19T10:31:00,Low,Scheduled
TSK-00709,2026-09-19,OP-015,MC-006,SITE-C,Trenching,Clear,Rocky,2026-09-19T19:00:00,2026-09-19T20:23:00,High,Scheduled
TSK-00710,2026-09-20,OP-001,MC-003,SITE-B,Demolition,Clear,Muddy,2026-09-20T19:00:00,2026-09-20T21:17:00,High,Scheduled
TSK-00711,2026-09-20,OP-001,MC-010,SITE-C,Trenching,Clear,Soft Soil,2026-09-20T21:32:00,2026-09-20T23:26:00,Medium,Scheduled
TSK-00712,2026-09-20,OP-001,MC-003,SITE-C,Trenching,Clear,Rocky,2026-09-20T23:46:00,2026-09-21T00:38:00,Low,Scheduled
TSK-00713,2026-09-20,OP-002,MC-008,SITE-C,Material Loading,Clear,Soft Soil,2026-09-20T07:00:00,2026-09-20T08:35:00,High,Scheduled
TSK-00714,2026-09-20,OP-003,MC-007,SITE-C,Excavation,Rain,Rocky,2026-09-20T19:00:00,2026-09-20T21:02:00,High,Scheduled
TSK-00715,2026-09-20,OP-003,MC-002,SITE-A,Demolition,Clear,Muddy,2026-09-20T21:32:00,2026-09-20T22:52:00,High,Scheduled
TSK-00716,2026-09-20,OP-003,MC-007,SITE-D,Grading,Clear,Muddy,2026-09-20T23:07:00,2026-09-21T00:42:00,Medium,Scheduled
TSK-00717,2026-09-20,OP-004,MC-008,SITE-A,Trenching,Rain,Rocky,2026-09-20T07:00:00,2026-09-20T08:38:00,Medium,Scheduled
TSK-00718,2026-09-20,OP-005,MC-002,SITE-B,Excavation,Clear,Rocky,2026-09-20T19:00:00,2026-09-20T20:18:00,Low,Scheduled
TSK-00719,2026-09-20,OP-005,MC-003,SITE-D,Material Loading,Rain,Muddy,2026-09-20T20:48:00,2026-09-20T22:08:00,Low,Scheduled
TSK-00720,2026-09-20,OP-006,MC-007,SITE-B,Excavation,High Wind,Soft Soil,2026-09-20T07:00:00,2026-09-20T08:11:00,Low,Scheduled
TSK-00721,2026-09-20,OP-006,MC-003,SITE-C,Material Loading,Clear,Muddy,2026-09-20T08:21:00,2026-09-20T08:51:00,High,Scheduled
TSK-00722,2026-09-20,OP-007,MC-004,SITE-A,Grading,Clear,Hard Soil,2026-09-20T19:00:00,2026-09-20T19:59:00,Medium,Scheduled
TSK-00723,2026-09-20,OP-008,MC-007,SITE-D,Material Loading,Clear,Soft Soil,2026-09-20T07:00:00,2026-09-20T07:38:00,Medium,Scheduled
TSK-00724,2026-09-20,OP-008,MC-008,SITE-B,Excavation,Clear,Muddy,2026-09-20T07:58:00,2026-09-20T10:16:00,Low,Scheduled
TSK-00725,2026-09-20,OP-008,MC-009,SITE-B,Grading,Dust Storm,Rocky,2026-09-20T10:26:00,2026-09-20T11:44:00,Medium,Scheduled
TSK-00726,2026-09-20,OP-009,MC-004,SITE-B,Trenching,Rain,Muddy,2026-09-20T19:00:00,2026-09-20T20:49:00,Low,Scheduled
TSK-00727,2026-09-20,OP-010,MC-004,SITE-D,Excavation,Clear,Hard Soil,2026-09-20T07:00:00,2026-09-20T07:41:00,Medium,Scheduled
TSK-00728,2026-09-20,OP-011,MC-006,SITE-C,Grading,Rain,Soft Soil,2026-09-20T19:00:00,2026-09-20T20:25:00,High,Scheduled
TSK-00729,2026-09-20,OP-011,MC-009,SITE-C,Trenching,Rain,Hard Soil,2026-09-20T20:45:00,2026-09-20T22:24:00,Medium,Scheduled
TSK-00730,2026-09-20,OP-011,MC-006,SITE-B,Excavation,Clear,Muddy,2026-09-20T22:34:00,2026-09-20T23:38:00,Medium,Scheduled
TSK-00731,2026-09-20,OP-012,MC-010,SITE-C,Demolition,Clear,Hard Soil,2026-09-20T07:00:00,2026-09-20T07:40:00,Low,Scheduled
TSK-00732,2026-09-20,OP-013,MC-002,SITE-B,Material Loading,Rain,Hard Soil,2026-09-20T19:00:00,2026-09-20T20:15:00,Low,Scheduled
TSK-00733,2026-09-20,OP-014,MC-008,SITE-C,Excavation,Clear,Hard Soil,2026-09-20T07:00:00,2026-09-20T08:01:00,High,Scheduled
TSK-00734,2026-09-20,OP-014,MC-009,SITE-B,Trenching,Clear,Rocky,2026-09-20T08:11:00,2026-09-20T09:44:00,Medium,Scheduled
TSK-00735,2026-09-20,OP-014,MC-003,SITE-A,Trenching,Clear,Hard Soil,2026-09-20T09:54:00,2026-09-20T11:35:00,Medium,Scheduled
TSK-00736,2026-09-20,OP-015,MC-005,SITE-D,Demolition,Clear,Muddy,2026-09-20T19:00:00,2026-09-20T20:41:00,Low,Scheduled
TSK-00737,2026-09-21,OP-001,MC-007,SITE-C,Trenching,Clear,Hard Soil,2026-09-21T19:00:00,2026-09-21T20:37:00,Low,Scheduled
TSK-00738,2026-09-21,OP-002,MC-003,SITE-C,Material Loading,Clear,Muddy,2026-09-21T07:00:00,2026-09-21T07:40:00,Low,Scheduled
TSK-00739,2026-09-21,OP-003,MC-007,SITE-A,Demolition,Dust Storm,Hard Soil,2026-09-21T19:00:00,2026-09-21T20:48:00,Medium,Scheduled
TSK-00740,2026-09-21,OP-003,MC-004,SITE-D,Grading,Clear,Muddy,2026-09-21T21:03:00,2026-09-21T22:28:00,High,Scheduled
TSK-00741,2026-09-21,OP-003,MC-009,SITE-C,Material Loading,Clear,Rocky,2026-09-21T22:38:00,2026-09-22T00:20:00,Low,Scheduled
TSK-00742,2026-09-21,OP-004,MC-009,SITE-A,Grading,Clear,Soft Soil,2026-09-21T07:00:00,2026-09-21T08:30:00,Low,Scheduled
TSK-00743,2026-09-21,OP-005,MC-010,SITE-B,Excavation,Clear,Muddy,2026-09-21T19:00:00,2026-09-21T20:17:00,High,Scheduled
TSK-00744,2026-09-21,OP-006,MC-006,SITE-A,Material Loading,Clear,Soft Soil,2026-09-21T07:00:00,2026-09-21T08:14:00,Low,Scheduled
TSK-00745,2026-09-21,OP-006,MC-006,SITE-D,Excavation,Clear,Soft Soil,2026-09-21T08:34:00,2026-09-21T09:55:00,Medium,Scheduled
TSK-00746,2026-09-21,OP-006,MC-005,SITE-C,Excavation,Dust Storm,Rocky,2026-09-21T10:10:00,2026-09-21T12:23:00,High,Scheduled
TSK-00747,2026-09-21,OP-007,MC-002,SITE-C,Excavation,High Wind,Soft Soil,2026-09-21T19:00:00,2026-09-21T20:27:00,Low,Scheduled
TSK-00748,2026-09-21,OP-008,MC-005,SITE-B,Grading,Clear,Hard Soil,2026-09-21T07:00:00,2026-09-21T08:36:00,High,Scheduled
TSK-00749,2026-09-21,OP-009,MC-003,SITE-A,Demolition,Clear,Muddy,2026-09-21T19:00:00,2026-09-21T19:57:00,High,Scheduled
TSK-00750,2026-09-21,OP-010,MC-005,SITE-B,Grading,Clear,Rocky,2026-09-21T07:00:00,2026-09-21T08:52:00,High,Scheduled
TSK-00751,2026-09-21,OP-010,MC-005,SITE-D,Material Loading,High Wind,Rocky,2026-09-21T09:02:00,2026-09-21T10:23:00,Medium,Scheduled
TSK-00752,2026-09-21,OP-010,MC-002,SITE-D,Material Loading,Rain,Hard Soil,2026-09-21T10:38:00,2026-09-21T12:10:00,Medium,Scheduled
TSK-00753,2026-09-21,OP-011,MC-005,SITE-D,Trenching,High Wind,Soft Soil,2026-09-21T19:00:00,2026-09-21T21:17:00,High,Scheduled
TSK-00754,2026-09-21,OP-011,MC-003,SITE-C,Demolition,Clear,Hard Soil,2026-09-21T21:37:00,2026-09-21T22:45:00,Medium,Scheduled
TSK-00755,2026-09-21,OP-012,MC-001,SITE-B,Grading,Dust Storm,Soft Soil,2026-09-21T07:00:00,2026-09-21T07:44:00,High,Scheduled
TSK-00756,2026-09-21,OP-013,MC-007,SITE-A,Excavation,Clear,Hard Soil,2026-09-21T19:00:00,2026-09-21T20:00:00,Low,Scheduled
TSK-00757,2026-09-21,OP-013,MC-007,SITE-C,Demolition,Clear,Rocky,2026-09-21T20:15:00,2026-09-21T22:13:00,Medium,Scheduled
TSK-00758,2026-09-21,OP-014,MC-002,SITE-B,Excavation,Rain,Muddy,2026-09-21T07:00:00,2026-09-21T08:24:00,Low,Scheduled
TSK-00759,2026-09-21,OP-015,MC-006,SITE-C,Excavation,Rain,Muddy,2026-09-21T19:00:00,2026-09-21T20:16:00,Low,Scheduled
TSK-00760,2026-09-21,OP-015,MC-010,SITE-C,Material Loading,Dust Storm,Muddy,2026-09-21T20:26:00,2026-09-21T21:04:00,Medium,Scheduled
TSK-00761,2026-09-21,OP-015,MC-001,SITE-B,Demolition,High Wind,Muddy,2026-09-21T21:14:00,2026-09-21T22:16:00,Low,Scheduled
TSK-00762,2026-09-22,OP-001,MC-002,SITE-C,Demolition,Clear,Rocky,2026-09-22T19:00:00,2026-09-22T20:52:00,High,Scheduled
TSK-00763,2026-09-22,OP-001,MC-004,SITE-B,Excavation,Rain,Muddy,2026-09-22T21:02:00,2026-09-22T22:37:00,Medium,Scheduled
TSK-00764,2026-09-22,OP-002,MC-001,SITE-D,Material Loading,Rain,Hard Soil,2026-09-22T07:00:00,2026-09-22T08:28:00,Low,Scheduled
TSK-00765,2026-09-22,OP-003,MC-005,SITE-D,Demolition,Rain,Muddy,2026-09-22T19:00:00,2026-09-22T20:16:00,Medium,Scheduled
TSK-00766,2026-09-22,OP-003,MC-004,SITE-D,Demolition,Clear,Hard Soil,2026-09-22T20:26:00,2026-09-22T22:02:00,Low,Scheduled
TSK-00767,2026-09-22,OP-004,MC-010,SITE-D,Trenching,Rain,Hard Soil,2026-09-22T07:00:00,2026-09-22T08:20:00,High,Scheduled
TSK-00768,2026-09-22,OP-004,MC-003,SITE-B,Excavation,Clear,Muddy,2026-09-22T08:35:00,2026-09-22T10:04:00,Medium,Scheduled
TSK-00769,2026-09-22,OP-004,MC-008,SITE-A,Trenching,Clear,Rocky,2026-09-22T10:19:00,2026-09-22T12:22:00,Low,Scheduled
TSK-00770,2026-09-22,OP-005,MC-002,SITE-A,Material Loading,Clear,Rocky,2026-09-22T19:00:00,2026-09-22T20:59:00,High,Scheduled
TSK-00771,2026-09-22,OP-005,MC-004,SITE-B,Trenching,Clear,Hard Soil,2026-09-22T21:19:00,2026-09-22T22:03:00,Low,Scheduled
TSK-00772,2026-09-22,OP-006,MC-006,SITE-A,Excavation,Rain,Hard Soil,2026-09-22T07:00:00,2026-09-22T07:48:00,High,Scheduled
TSK-00773,2026-09-22,OP-006,MC-006,SITE-C,Excavation,Clear,Soft Soil,2026-09-22T08:03:00,2026-09-22T10:09:00,Medium,Scheduled
TSK-00774,2026-09-22,OP-007,MC-009,SITE-A,Material Loading,Clear,Hard Soil,2026-09-22T19:00:00,2026-09-22T21:09:00,Low,Scheduled
TSK-00775,2026-09-22,OP-007,MC-005,SITE-D,Demolition,Rain,Hard Soil,2026-09-22T21:39:00,2026-09-22T23:48:00,High,Scheduled
TSK-00776,2026-09-22,OP-007,MC-009,SITE-D,Demolition,High Wind,Soft Soil,2026-09-23T00:08:00,2026-09-23T01:34:00,Medium,Scheduled
TSK-00777,2026-09-22,OP-008,MC-007,SITE-C,Grading,Rain,Rocky,2026-09-22T07:00:00,2026-09-22T09:04:00,Low,Scheduled
TSK-00778,2026-09-22,OP-009,MC-007,SITE-A,Trenching,Rain,Rocky,2026-09-22T19:00:00,2026-09-22T19:58:00,Low,Scheduled
TSK-00779,2026-09-22,OP-009,MC-002,SITE-C,Trenching,Clear,Muddy,2026-09-22T20:08:00,2026-09-22T22:11:00,High,Scheduled
TSK-00780,2026-09-22,OP-009,MC-006,SITE-C,Trenching,Dust Storm,Soft Soil,2026-09-22T22:21:00,2026-09-22T23:34:00,Low,Scheduled
TSK-00781,2026-09-22,OP-010,MC-007,SITE-A,Excavation,Clear,Rocky,2026-09-22T07:00:00,2026-09-22T08:50:00,Medium,Scheduled
TSK-00782,2026-09-22,OP-011,MC-003,SITE-B,Excavation,Clear,Rocky,2026-09-22T19:00:00,2026-09-22T21:22:00,Medium,Scheduled
TSK-00783,2026-09-22,OP-011,MC-003,SITE-B,Demolition,Clear,Soft Soil,2026-09-22T21:52:00,2026-09-22T23:45:00,High,Scheduled
TSK-00784,2026-09-22,OP-011,MC-003,SITE-D,Excavation,High Wind,Rocky,2026-09-23T00:05:00,2026-09-23T01:18:00,Low,Scheduled
TSK-00785,2026-09-22,OP-012,MC-006,SITE-D,Grading,Clear,Muddy,2026-09-22T07:00:00,2026-09-22T08:59:00,High,Scheduled
TSK-00786,2026-09-22,OP-013,MC-009,SITE-B,Demolition,Clear,Rocky,2026-09-22T19:00:00,2026-09-22T19:57:00,High,Scheduled
TSK-00787,2026-09-22,OP-014,MC-008,SITE-B,Grading,Rain,Hard Soil,2026-09-22T07:00:00,2026-09-22T09:02:00,Low,Scheduled
TSK-00788,2026-09-22,OP-014,MC-001,SITE-B,Trenching,High Wind,Hard Soil,2026-09-22T09:32:00,2026-09-22T11:34:00,High,Scheduled
TSK-00789,2026-09-22,OP-015,MC-002,SITE-A,Demolition,Clear,Soft Soil,2026-09-22T19:00:00,2026-09-22T20:46:00,Low,Scheduled
